"continent","iso","admin_0","admin_1","id_1","t_lci","t_med","t_uci","s_lci","s_med","s_uci","scenario"
"Africa","AGO","Angola","Bengo",10315785,"20.15","20.28","20.42",0.1174,0.1182,0.119,"Optimistic"
"Africa","AGO","Angola","Benguela",10312941,"19.29","19.53","19.77",0.1213,0.1228,0.1243,"Optimistic"
"Africa","AGO","Angola","Bie",10312934,"24.71","24.82","24.94",0.0961,0.0966,0.097,"Optimistic"
"Africa","AGO","Angola","Cabinda",10313678,"21.08","21.16","21.25",0.1128,0.1133,0.1138,"Optimistic"
"Africa","AGO","Angola","Cuando Cubango",10314219,"21.08","21.17","21.26",0.1128,0.1133,0.1137,"Optimistic"
"Africa","AGO","Angola","Cuanza Norte",10315857,"24.95","25.06","25.17",0.0953,0.0957,0.0961,"Optimistic"
"Africa","AGO","Angola","Cuanza Sul",10314162,"27.87","28","28.13",0.0852,0.0856,0.086,"Optimistic"
"Africa","AGO","Angola","Cunene",10316377,"15.62","15.87","16.12",0.1488,0.1511,0.1535,"Optimistic"
"Africa","AGO","Angola","Huambo",10313862,"16.94","17.15","17.37",0.1381,0.1398,0.1416,"Optimistic"
"Africa","AGO","Angola","Huila",10314789,"14.7","14.93","15.16",0.1582,0.1606,0.1631,"Optimistic"
"Africa","AGO","Angola","Luanda",10314049,"18.29","18.49","18.69",0.1283,0.1297,0.1311,"Optimistic"
"Africa","AGO","Angola","Lunda Norte",10313200,"23.99","24.1","24.22",0.099,0.0995,0.0999,"Optimistic"
"Africa","AGO","Angola","Lunda Sul",10315276,"19.91","20.14","20.37",0.1177,0.1191,0.1204,"Optimistic"
"Africa","AGO","Angola","Malanje",10314519,"25.08","25.2","25.31",0.0947,0.0952,0.0956,"Optimistic"
"Africa","AGO","Angola","Moxico",10313324,"20.99","21.13","21.27",0.1127,0.1135,0.1142,"Optimistic"
"Africa","AGO","Angola","Namibe",10313695,"15.48","15.75","16.04",0.1495,0.1522,0.1549,"Optimistic"
"Africa","AGO","Angola","Uige",10314167,"28.6","28.72","28.84",0.0831,0.0835,0.0838,"Optimistic"
"Africa","AGO","Angola","Zaire",10313102,"18.22","18.29","18.37",0.1306,0.1311,0.1316,"Optimistic"
"Africa","BDI","Burundi","Bubanza",10313228,"11.04","11.18","11.33",0.2116,0.2144,0.2172,"Optimistic"
"Africa","BDI","Burundi","Bujumbura Mairie",10314149,"11.27","11.45","11.63",0.2062,0.2095,0.2127,"Optimistic"
"Africa","BDI","Burundi","Bujumbura Rural",10315892,"12.38","12.58","12.79",0.1875,0.1906,0.1936,"Optimistic"
"Africa","BDI","Burundi","Bururi",10316131,"14.23","14.55","14.88",0.1612,0.1648,0.1685,"Optimistic"
"Africa","BDI","Burundi","Cankuzo",10314159,"12.57","12.71","12.85",0.1866,0.1887,0.1908,"Optimistic"
"Africa","BDI","Burundi","Cibitoke",10316028,"11.38","11.51","11.64",0.2061,0.2084,0.2107,"Optimistic"
"Africa","BDI","Burundi","Gitega",10315333,"11.96","12.1","12.25",0.1957,0.1981,0.2006,"Optimistic"
"Africa","BDI","Burundi","Karuzi",10315401,"12.92","13.04","13.15",0.1823,0.1839,0.1856,"Optimistic"
"Africa","BDI","Burundi","Kayanza",10314399,"11.28","11.41","11.55",0.2076,0.2101,0.2126,"Optimistic"
"Africa","BDI","Burundi","Kirundo",10315700,"12.98","13.12","13.27",0.1806,0.1827,0.1847,"Optimistic"
"Africa","BDI","Burundi","Makamba",10314593,"13.03","13.2","13.37",0.1793,0.1817,0.184,"Optimistic"
"Africa","BDI","Burundi","Muramvya",10314642,"12.64","12.81","13",0.1845,0.1871,0.1898,"Optimistic"
"Africa","BDI","Burundi","Muyinga",10313972,"13.56","13.69","13.82",0.1735,0.1752,0.1769,"Optimistic"
"Africa","BDI","Burundi","Mwaro",10313210,"11.43","11.62","11.81",0.203,0.2064,0.2097,"Optimistic"
"Africa","BDI","Burundi","Ngozi",10316098,"12.83","12.98","13.13",0.1826,0.1848,0.1869,"Optimistic"
"Africa","BDI","Burundi","Rumonge",604492674,"15.82","16.05","16.29",0.1472,0.1494,0.1516,"Optimistic"
"Africa","BDI","Burundi","Rutana",10313213,"12.51","12.66","12.81",0.1873,0.1895,0.1917,"Optimistic"
"Africa","BDI","Burundi","Ruyigi",10313868,"12.14","12.27","12.41",0.1932,0.1954,0.1975,"Optimistic"
"Africa","BEN","Benin","Alibori",10315835,"33.63","34.15","34.68",0.0691,0.0702,0.0713,"Optimistic"
"Africa","BEN","Benin","Atakora",10315483,"29.37","29.51","29.65",0.0809,0.0813,0.0816,"Optimistic"
"Africa","BEN","Benin","Atlantique",10315599,"20.63","20.83","21.03",0.114,0.1151,0.1162,"Optimistic"
"Africa","BEN","Benin","Borgou",10313908,"24.04","24.2","24.37",0.0984,0.0991,0.0997,"Optimistic"
"Africa","BEN","Benin","Collines",10312923,"19.87","19.95","20.04",0.1197,0.1202,0.1207,"Optimistic"
"Africa","BEN","Benin","Couffo",10314689,"21.59","21.69","21.79",0.11,0.1105,0.111,"Optimistic"
"Africa","BEN","Benin","Donga",10316078,"18.3","18.39","18.48",0.1298,0.1304,0.131,"Optimistic"
"Africa","BEN","Benin","Littoral",10314009,"19.09","19.27","19.46",0.1232,0.1244,0.1256,"Optimistic"
"Africa","BEN","Benin","Mono",10315943,"24.44","24.71","24.98",0.096,0.097,0.0981,"Optimistic"
"Africa","BEN","Benin","Oueme",10316382,"20.66","20.87","21.08",0.1138,0.1149,0.1161,"Optimistic"
"Africa","BEN","Benin","Plateau",10313578,"24.09","24.25","24.42",0.0982,0.0989,0.0996,"Optimistic"
"Africa","BEN","Benin","Zou",10315228,"18.49","18.68","18.88",0.127,0.1284,0.1297,"Optimistic"
"Africa","BFA","Burkina Faso","Boucle du Mouhoun",10315529,"20.38","20.47","20.56",0.1166,0.1171,0.1177,"Optimistic"
"Africa","BFA","Burkina Faso","Cascades",10313590,"13.03","13.15","13.27",0.1807,0.1824,0.184,"Optimistic"
"Africa","BFA","Burkina Faso","Centre",10313557,"14.14","14.27","14.41",0.1664,0.168,0.1696,"Optimistic"
"Africa","BFA","Burkina Faso","Centre-Est",10313567,"15.46","15.62","15.79",0.1519,0.1535,0.1551,"Optimistic"
"Africa","BFA","Burkina Faso","Centre-Nord",10313558,"15.65","15.71","15.76",0.1521,0.1527,0.1532,"Optimistic"
"Africa","BFA","Burkina Faso","Centre-Ouest",10312946,"16.06","16.12","16.18",0.1482,0.1488,0.1493,"Optimistic"
"Africa","BFA","Burkina Faso","Centre-Sud",10315008,"14.54","14.71","14.88",0.1612,0.163,0.1649,"Optimistic"
"Africa","BFA","Burkina Faso","Est",10313743,"15.79","15.85","15.9",0.1508,0.1513,0.1519,"Optimistic"
"Africa","BFA","Burkina Faso","Haut-Bassins",10315770,"14.92","15.08","15.24",0.1573,0.159,0.1607,"Optimistic"
"Africa","BFA","Burkina Faso","Nord",10313839,"15.01","15.06","15.12",0.1586,0.1592,0.1598,"Optimistic"
"Africa","BFA","Burkina Faso","Plateau-Central",10313584,"14.75","14.8","14.85",0.1614,0.162,0.1626,"Optimistic"
"Africa","BFA","Burkina Faso","Sahel",10313146,"15.53","15.63","15.73",0.1524,0.1534,0.1544,"Optimistic"
"Africa","BFA","Burkina Faso","Sud-Ouest",10312978,"12.79","12.93","13.08",0.1834,0.1854,0.1874,"Optimistic"
"Africa","BWA","Botswana","Central",10314970,"13.21","14.63","16.39",0.1463,0.1639,0.1815,"Optimistic"
"Africa","BWA","Botswana","Chobe",10316008,"13.81","15.2","16.9",0.1419,0.1578,0.1736,"Optimistic"
"Africa","BWA","Botswana","Ghanzi",10315081,"14.27","15.29","16.47",0.1456,0.1568,0.1681,"Optimistic"
"Africa","BWA","Botswana","Kgatleng",10316208,"13.53","15.25","17.47",0.1372,0.1572,0.1773,"Optimistic"
"Africa","BWA","Botswana","Kweneng",10313749,"13.71","15.53","17.9",0.134,0.1544,0.1749,"Optimistic"
"Africa","BWA","Botswana","North-East",10315541,"13.5","15.04","16.96",0.1414,0.1595,0.1776,"Optimistic"
"Africa","BWA","Botswana","North-West",10314588,"13.74","14.97","16.44",0.1458,0.1602,0.1745,"Optimistic"
"Africa","CAF","Central African Republic","Bamingui-Bangoran",10313901,"27.52","27.87","28.22",0.085,0.086,0.0871,"Optimistic"
"Africa","CAF","Central African Republic","Bangui",10315067,"36.45","36.64","36.83",0.0651,0.0655,0.0658,"Optimistic"
"Africa","CAF","Central African Republic","Basse-Kotto",10314955,"34.58","34.76","34.94",0.0686,0.069,0.0693,"Optimistic"
"Africa","CAF","Central African Republic","Haut-Mbomou",10313244,"33.41","33.61","33.82",0.0709,0.0713,0.0718,"Optimistic"
"Africa","CAF","Central African Republic","Haute-Kotto",10315680,"28.56","28.78","29.01",0.0827,0.0833,0.084,"Optimistic"
"Africa","CAF","Central African Republic","Kemo",10314722,"35.37","35.56","35.74",0.0671,0.0674,0.0678,"Optimistic"
"Africa","CAF","Central African Republic","Lobaye",10314051,"35.13","35.31","35.49",0.0676,0.0679,0.0683,"Optimistic"
"Africa","CAF","Central African Republic","Mambere-Kadei",10314279,"31.97","32.16","32.36",0.0741,0.0745,0.075,"Optimistic"
"Africa","CAF","Central African Republic","Mbomou",10313219,"29.19","29.35","29.52",0.0812,0.0817,0.0822,"Optimistic"
"Africa","CAF","Central African Republic","Nana-Gribizi",10316170,"34.73","34.91","35.09",0.0683,0.0687,0.0691,"Optimistic"
"Africa","CAF","Central African Republic","Nana-Mambere",10315560,"34.59","34.77","34.95",0.0686,0.069,0.0693,"Optimistic"
"Africa","CAF","Central African Republic","Ombella M'Poko",10313441,"35.65","35.83","36.01",0.0666,0.0669,0.0673,"Optimistic"
"Africa","CAF","Central African Republic","Ouaka",10313758,"34.14","34.32","34.5",0.0695,0.0699,0.0702,"Optimistic"
"Africa","CAF","Central African Republic","Ouham",10314686,"33.05","33.26","33.46",0.0717,0.0721,0.0725,"Optimistic"
"Africa","CAF","Central African Republic","Ouham Pende",10313359,"30.74","30.92","31.11",0.0771,0.0775,0.078,"Optimistic"
"Africa","CAF","Central African Republic","Sangha-Mbaere",10312914,"32.49","32.69","32.89",0.0729,0.0734,0.0738,"Optimistic"
"Africa","CAF","Central African Republic","Vakaga",10313418,"28.22","28.59","28.97",0.0828,0.0839,0.085,"Optimistic"
"Africa","CIV","Côte d'Ivoire","Abidjan",10316181,"23.97","24.14","24.31",0.0986,0.0993,0.1,"Optimistic"
"Africa","CIV","Côte d'Ivoire","Bas-Sassandra",10313698,"31.61","31.77","31.92",0.0751,0.0755,0.0758,"Optimistic"
"Africa","CIV","Côte d'Ivoire","Comoe",10314932,"28.94","29.18","29.43",0.0815,0.0822,0.0829,"Optimistic"
"Africa","CIV","Côte d'Ivoire","Denguele",10314504,"25.18","25.36","25.55",0.0939,0.0945,0.0952,"Optimistic"
"Africa","CIV","Côte d'Ivoire","Goh-Djiboua",10314814,"25.85","25.98","26.11",0.0918,0.0923,0.0928,"Optimistic"
"Africa","CIV","Côte d'Ivoire","Lacs",10315209,"40+","40+","40+",0.0552,0.0556,0.0559,"Optimistic"
"Africa","CIV","Côte d'Ivoire","Lagunes",10315887,"25.57","25.7","25.83",0.0928,0.0933,0.0938,"Optimistic"
"Africa","CIV","Côte d'Ivoire","Montagnes",10314302,"25.21","25.34","25.47",0.0942,0.0946,0.0951,"Optimistic"
"Africa","CIV","Côte d'Ivoire","Sassandra-Marahoue",10316005,"29.09","29.21","29.34",0.0817,0.0821,0.0824,"Optimistic"
"Africa","CIV","Côte d'Ivoire","Savanes",10315042,"22.83","22.99","23.15",0.1036,0.1043,0.105,"Optimistic"
"Africa","CIV","Côte d'Ivoire","Vallee du Bandama",10315472,"36.05","36.24","36.43",0.0658,0.0662,0.0665,"Optimistic"
"Africa","CIV","Côte d'Ivoire","Woroba",10314018,"29.2","29.33","29.46",0.0814,0.0818,0.0821,"Optimistic"
"Africa","CIV","Côte d'Ivoire","Yamoussoukro",10314379,"40+","40+","40+",0.0562,0.0565,0.0569,"Optimistic"
"Africa","CIV","Côte d'Ivoire","Zanzan",10316245,"29.97","30.43","30.91",0.0776,0.0788,0.08,"Optimistic"
"Africa","CMR","Cameroon","Adamaoua",10315885,"24.06","24.33","24.6",0.0975,0.0986,0.0996,"Optimistic"
"Africa","CMR","Cameroon","Centre",10315127,"18.5","18.72","18.96",0.1265,0.1281,0.1296,"Optimistic"
"Africa","CMR","Cameroon","Est",10314487,"31.03","31.18","31.33",0.0765,0.0769,0.0773,"Optimistic"
"Africa","CMR","Cameroon","Extreme Nord",10316034,"17.9","18.16","18.43",0.1301,0.1321,0.134,"Optimistic"
"Africa","CMR","Cameroon","Littoral",10316217,"17.64","17.9","18.17",0.132,0.134,0.1359,"Optimistic"
"Africa","CMR","Cameroon","Nord",10314668,"17.96","18.17","18.38",0.1304,0.132,0.1335,"Optimistic"
"Africa","CMR","Cameroon","North West",10313797,"17.38","17.64","17.9",0.1339,0.136,0.138,"Optimistic"
"Africa","CMR","Cameroon","Ouest",10315446,"14.47","14.66","14.86",0.1614,0.1636,0.1658,"Optimistic"
"Africa","CMR","Cameroon","South West",10316304,"13.4","13.58","13.76",0.1743,0.1766,0.179,"Optimistic"
"Africa","CMR","Cameroon","Sud",10315130,"19.92","20.12","20.34",0.1179,0.1192,0.1204,"Optimistic"
"Africa","COD","Democratic Republic of the Congo","Bas-Uele",10015079,"29.26","29.37","29.48",0.0813,0.0816,0.082,"Optimistic"
"Africa","COD","Democratic Republic of the Congo","Equateur",10314890,"25.97","26.08","26.2",0.0915,0.0919,0.0923,"Optimistic"
"Africa","COD","Democratic Republic of the Congo","Haut-Katanga",604100800,"24.23","24.38","24.54",0.0977,0.0984,0.099,"Optimistic"
"Africa","COD","Democratic Republic of the Congo","Haut-Lomami",10015068,"28.09","28.2","28.32",0.0847,0.085,0.0854,"Optimistic"
"Africa","COD","Democratic Republic of the Congo","Haut-Uele",10015080,"28.68","28.79","28.91",0.083,0.0833,0.0836,"Optimistic"
"Africa","COD","Democratic Republic of the Congo","Ituri",10015081,"24.4","24.56","24.72",0.097,0.0976,0.0983,"Optimistic"
"Africa","COD","Democratic Republic of the Congo","Kasai",10015062,"25.6","25.73","25.85",0.0928,0.0932,0.0937,"Optimistic"
"Africa","COD","Democratic Republic of the Congo","Kasai Central",604100802,"27.22","27.34","27.45",0.0874,0.0877,0.0881,"Optimistic"
"Africa","COD","Democratic Republic of the Congo","Kasai Oriental",10313185,"27.46","27.58","27.71",0.0865,0.0869,0.0873,"Optimistic"
"Africa","COD","Democratic Republic of the Congo","Kinshasa",10316392,"18.91","19.05","19.19",0.1249,0.1259,0.1268,"Optimistic"
"Africa","COD","Democratic Republic of the Congo","Kongo Central",10314703,"26.43","26.53","26.63",0.09,0.0904,0.0907,"Optimistic"
"Africa","COD","Democratic Republic of the Congo","Kwango",10015053,"27.34","27.44","27.54",0.0871,0.0874,0.0877,"Optimistic"
"Africa","COD","Democratic Republic of the Congo","Kwilu",10015054,"26.63","26.73","26.83",0.0894,0.0897,0.09,"Optimistic"
"Africa","COD","Democratic Republic of the Congo","Lomami",604100801,"28.85","28.96","29.07",0.0825,0.0828,0.0831,"Optimistic"
"Africa","COD","Democratic Republic of the Congo","Lualaba",10015071,"24.29","24.44","24.59",0.0975,0.0981,0.0987,"Optimistic"
"Africa","COD","Democratic Republic of the Congo","Mai-Ndombe",10015055,"23.49","23.64","23.78",0.1008,0.1015,0.1021,"Optimistic"
"Africa","COD","Democratic Republic of the Congo","Maniema",10015076,"22.65","22.78","22.9",0.1047,0.1053,0.1059,"Optimistic"
"Africa","COD","Democratic Republic of the Congo","Mongala",10015048,"27.37","27.47","27.57",0.087,0.0873,0.0876,"Optimistic"
"Africa","COD","Democratic Republic of the Congo","Nord-Kivu",10015077,"17.58","17.84","18.11",0.1324,0.1344,0.1364,"Optimistic"
"Africa","COD","Democratic Republic of the Congo","Nord-Ubangi",10015049,"28.23","28.34","28.45",0.0843,0.0846,0.0849,"Optimistic"
"Africa","COD","Democratic Republic of the Congo","Sankuru",10015066,"27.31","27.43","27.56",0.087,0.0874,0.0878,"Optimistic"
"Africa","COD","Democratic Republic of the Congo","Sud-Kivu",10015078,"18.93","19.18","19.44",0.1233,0.125,0.1266,"Optimistic"
"Africa","COD","Democratic Republic of the Congo","Sud-Ubangi",10015050,"28.74","28.85","28.96",0.0828,0.0831,0.0834,"Optimistic"
"Africa","COD","Democratic Republic of the Congo","Tanganyka",10015073,"25.43","25.56","25.69",0.0933,0.0938,0.0943,"Optimistic"
"Africa","COD","Democratic Republic of the Congo","Tshopo",10015083,"29.31","29.42","29.53",0.0812,0.0815,0.0818,"Optimistic"
"Africa","COD","Democratic Republic of the Congo","Tshuapa",10015051,"29.3","29.41","29.53",0.0812,0.0815,0.0818,"Optimistic"
"Africa","COG","Congo","Bouenza",10313241,"13.01","13.17","13.32",0.18,0.1821,0.1843,"Optimistic"
"Africa","COG","Congo","Brazzaville",10312917,"14.99","15.18","15.37",0.156,0.158,0.1599,"Optimistic"
"Africa","COG","Congo","Cuvette",10312940,"17.06","17.26","17.46",0.1373,0.1389,0.1405,"Optimistic"
"Africa","COG","Congo","Cuvette-Ouest",10316044,"14.1","14.27","14.45",0.166,0.168,0.17,"Optimistic"
"Africa","COG","Congo","Kouilou",10313651,"11.5","11.64","11.78",0.2036,0.2061,0.2085,"Optimistic"
"Africa","COG","Congo","Lekoumou",10312955,"13.52","13.68","13.85",0.1731,0.1752,0.1773,"Optimistic"
"Africa","COG","Congo","Likouala",10316373,"16.13","16.27","16.42",0.146,0.1473,0.1486,"Optimistic"
"Africa","COG","Congo","Niari",10315824,"16.22","16.4","16.59",0.1445,0.1462,0.1479,"Optimistic"
"Africa","COG","Congo","Plateaux",10315693,"13.39","13.56","13.74",0.1745,0.1768,0.1791,"Optimistic"
"Africa","COG","Congo","Point-Noire",10314451,"10.97","11.11","11.25",0.2132,0.2159,0.2186,"Optimistic"
"Africa","COG","Congo","Pool",10315656,"13.45","13.6","13.76",0.1743,0.1763,0.1783,"Optimistic"
"Africa","COG","Congo","Sangha",10312872,"19.03","19.21","19.4",0.1236,0.1248,0.126,"Optimistic"
"Africa","COM","Comoros","Anjouan",10315278,"15.15","16.18","17.36",0.1381,0.1482,0.1583,"Optimistic"
"Africa","COM","Comoros","Moheli",10313452,"14.25","15.15","16.18",0.1482,0.1582,0.1682,"Optimistic"
"Africa","COM","Comoros","Ngazidja",10315233,"15.13","16.16","17.34",0.1383,0.1484,0.1584,"Optimistic"
"Africa","DJI","Djibouti","Ali Sabieh",10312953,"10.08","10.44","10.83",0.2214,0.2297,0.2379,"Optimistic"
"Africa","DJI","Djibouti","Dikhil",10313677,"9.25","9.66","10.1",0.2373,0.2484,0.2594,"Optimistic"
"Africa","DJI","Djibouti","Djibouti",10313203,"8.62","9.25","9.96",0.2406,0.2593,0.278,"Optimistic"
"Africa","DJI","Djibouti","Obock",10315724,"12.59","12.73","12.87",0.1863,0.1884,0.1905,"Optimistic"
"Africa","DJI","Djibouti","Tadjourah",10314957,"11.79","11.93","12.06",0.1988,0.2011,0.2033,"Optimistic"
"Africa","ERI","Eritrea","Anseba",10313697,"15.31","15.9","16.54",0.145,0.1508,0.1566,"Optimistic"
"Africa","ERI","Eritrea","Archipelagos",604492669,"15.63","16.01","16.41",0.1461,0.1497,0.1534,"Optimistic"
"Africa","ERI","Eritrea","Debub",10315807,"14.37","14.9","15.46",0.1551,0.161,0.1669,"Optimistic"
"Africa","ERI","Eritrea","Debubawi Keih Bahri",10315474,"15.62","15.98","16.35",0.1467,0.1501,0.1535,"Optimistic"
"Africa","ERI","Eritrea","Gash Barka",10316250,"15.55","15.97","16.42",0.146,0.1501,0.1542,"Optimistic"
"Africa","ERI","Eritrea","Maekel",10314142,"14.63","15.51","16.49",0.1454,0.1546,0.1639,"Optimistic"
"Africa","ERI","Eritrea","Semenawi Keih Bahri",10313148,"14.11","14.7","15.34",0.1563,0.1632,0.17,"Optimistic"
"Africa","ETH","Ethiopia","Addis Ababa",10314864,"12.77","13.92","15.28",0.1569,0.1723,0.1877,"Optimistic"
"Africa","ETH","Ethiopia","Afar",10315220,"18.37","19.03","19.73",0.1215,0.126,0.1305,"Optimistic"
"Africa","ETH","Ethiopia","Amhara",10313856,"21.55","22.56","23.66",0.1013,0.1063,0.1113,"Optimistic"
"Africa","ETH","Ethiopia","Beneshangul Gumu",10314847,"19.12","19.62","20.15",0.119,0.1222,0.1254,"Optimistic"
"Africa","ETH","Ethiopia","Dire Dawa",10313147,"16.02","16.54","17.1",0.1403,0.1449,0.1496,"Optimistic"
"Africa","ETH","Ethiopia","Gambela",10314037,"18.46","18.93","19.41",0.1235,0.1267,0.1299,"Optimistic"
"Africa","ETH","Ethiopia","Hareri",10315893,"15.49","16.01","16.56",0.1448,0.1498,0.1548,"Optimistic"
"Africa","ETH","Ethiopia","Oromia",10316246,"20.35","21.25","22.22",0.1079,0.1129,0.1178,"Optimistic"
"Africa","ETH","Ethiopia","SNNPR",10313355,"20.16","20.91","21.71",0.1105,0.1147,0.1189,"Optimistic"
"Africa","ETH","Ethiopia","Somali",10316072,"23.99","24.93","25.95",0.0924,0.0962,0.1,"Optimistic"
"Africa","ETH","Ethiopia","Tigray",10313464,"21.14","21.94","22.79",0.1052,0.1093,0.1134,"Optimistic"
"Africa","GAB","Gabon","Estuaire",10315694,"22.31","22.41","22.51",0.1065,0.107,0.1075,"Optimistic"
"Africa","GAB","Gabon","Haut-Ogooue",10315674,"19.71","19.8","19.88",0.1206,0.1211,0.1217,"Optimistic"
"Africa","GAB","Gabon","Moyen-Ogooue",10313036,"18.16","18.41","18.66",0.1285,0.1303,0.132,"Optimistic"
"Africa","GAB","Gabon","Ngounie",10315465,"20.31","20.52","20.73",0.1157,0.1169,0.118,"Optimistic"
"Africa","GAB","Gabon","Nyanga",10316418,"18.29","18.51","18.74",0.1279,0.1295,0.1311,"Optimistic"
"Africa","GAB","Gabon","Ogooue-Ivindo",10313998,"23.96","24.13","24.29",0.0987,0.0994,0.1001,"Optimistic"
"Africa","GAB","Gabon","Ogooue-Maritime",10316420,"17.52","17.74","17.98",0.1334,0.1351,0.1369,"Optimistic"
"Africa","GAB","Gabon","Ogooue-lolo",10315314,"21.38","21.59","21.8",0.11,0.1111,0.1122,"Optimistic"
"Africa","GAB","Gabon","Woleu-Ntem",10315257,"23.75","23.86","23.97",0.1,0.1005,0.101,"Optimistic"
"Africa","GHA","Ghana","Ashanti",10315113,"10.24","10.35","10.46",0.2293,0.2318,0.2343,"Optimistic"
"Africa","GHA","Ghana","Brong Ahafo",10313233,"10.83","10.94","11.05",0.2169,0.2191,0.2214,"Optimistic"
"Africa","GHA","Ghana","Central",10315532,"11.29","11.41","11.53",0.208,0.2102,0.2124,"Optimistic"
"Africa","GHA","Ghana","Eastern",10314341,"12.21","12.34","12.47",0.1923,0.1944,0.1964,"Optimistic"
"Africa","GHA","Ghana","Greater Accra",10315061,"8.24","8.32","8.41",0.285,0.2881,0.2911,"Optimistic"
"Africa","GHA","Ghana","Northern",10314472,"9.17","9.27","9.37",0.2558,0.2587,0.2616,"Optimistic"
"Africa","GHA","Ghana","Upper East",10316047,"7.78","7.87","7.97",0.301,0.3047,0.3084,"Optimistic"
"Africa","GHA","Ghana","Upper West",10314282,"8.62","8.71","8.81",0.2723,0.2752,0.2781,"Optimistic"
"Africa","GHA","Ghana","Volta",10314522,"8.78","8.87","8.96",0.2676,0.2704,0.2732,"Optimistic"
"Africa","GHA","Ghana","Western",10315836,"11.51","11.62","11.74",0.2042,0.2063,0.2084,"Optimistic"
"Africa","GIN","Guinea","Boke",10315509,"23.06","23.33","23.61",0.1016,0.1028,0.104,"Optimistic"
"Africa","GIN","Guinea","Conakry",10313882,"23.24","23.49","23.74",0.101,0.1021,0.1032,"Optimistic"
"Africa","GIN","Guinea","Faranah",10313074,"25.73","25.86","25.99",0.0923,0.0927,0.0932,"Optimistic"
"Africa","GIN","Guinea","Kankan",10316006,"25.94","26.13","26.32",0.0911,0.0918,0.0924,"Optimistic"
"Africa","GIN","Guinea","Kindia",10314339,"25.45","25.64","25.83",0.0928,0.0935,0.0942,"Optimistic"
"Africa","GIN","Guinea","Labe",10315826,"27.86","28.07","28.3",0.0847,0.0854,0.0861,"Optimistic"
"Africa","GIN","Guinea","Mamou",10314312,"27.16","27.3","27.45",0.0873,0.0878,0.0883,"Optimistic"
"Africa","GIN","Guinea","Nzerekore",10315690,"27.42","27.54","27.66",0.0867,0.0871,0.0874,"Optimistic"
"Africa","GMB","Gambia","Central River",10315687,"20.61","21.46","22.39",0.1071,0.1117,0.1163,"Optimistic"
"Africa","GMB","Gambia","Kanifing Municipal Council",604492672,"20.48","21.24","22.05",0.1087,0.1129,0.1171,"Optimistic"
"Africa","GMB","Gambia","Lower River",10315735,"20.44","21.25","22.12",0.1084,0.1129,0.1173,"Optimistic"
"Africa","GMB","Gambia","North Bank",10315182,"20.17","20.97","21.82",0.1099,0.1144,0.1189,"Optimistic"
"Africa","GMB","Gambia","Upper River",10314195,"20.6","21.45","22.38",0.1072,0.1118,0.1164,"Optimistic"
"Africa","GMB","Gambia","West Coast",10315523,"20.79","21.55","22.37",0.1072,0.1113,0.1153,"Optimistic"
"Africa","GNB","Guinea-Bissau","Bafata",10313057,"20.89","21.33","21.8",0.11,0.1124,0.1148,"Optimistic"
"Africa","GNB","Guinea-Bissau","Biombo",10313181,"19.11","19.55","20",0.1199,0.1227,0.1255,"Optimistic"
"Africa","GNB","Guinea-Bissau","Bissau",10313570,"18.9","19.39","19.9",0.1205,0.1237,0.1269,"Optimistic"
"Africa","GNB","Guinea-Bissau","Bolama",10313370,"20.06","20.65","21.26",0.1128,0.1161,0.1195,"Optimistic"
"Africa","GNB","Guinea-Bissau","Cacheu",10314022,"18.63","19.19","19.8",0.1211,0.1249,0.1287,"Optimistic"
"Africa","GNB","Guinea-Bissau","Gabu",10315399,"21.14","21.54","21.95",0.1093,0.1113,0.1134,"Optimistic"
"Africa","GNB","Guinea-Bissau","Oio",10316231,"19.96","20.52","21.11",0.1136,0.1169,0.1201,"Optimistic"
"Africa","GNB","Guinea-Bissau","Quinara",10313348,"20.82","21.26","21.71",0.1104,0.1128,0.1152,"Optimistic"
"Africa","GNB","Guinea-Bissau","Tombali",10315372,"21.26","21.66","22.07",0.1087,0.1107,0.1128,"Optimistic"
"Africa","GNQ","Equatorial Guinea","Bioko Norte",10316118,"9.72","9.82","9.92",0.2417,0.2442,0.2467,"Optimistic"
"Africa","GNQ","Equatorial Guinea","Bioko Sur",10315162,"9.72","9.82","9.93",0.2416,0.2441,0.2466,"Optimistic"
"Africa","GNQ","Equatorial Guinea","Centro Sur",10313108,"9.83","9.93","10.03",0.2391,0.2416,0.244,"Optimistic"
"Africa","GNQ","Equatorial Guinea","Kie-Ntem",10315598,"9.43","9.53","9.64",0.2488,0.2515,0.2542,"Optimistic"
"Africa","GNQ","Equatorial Guinea","Litoral",10315502,"8.97","9.06","9.16",0.2618,0.2646,0.2674,"Optimistic"
"Africa","GNQ","Equatorial Guinea","Wele-Nzas",10316356,"9.67","9.77","9.87",0.2429,0.2454,0.248,"Optimistic"
"Africa","KEN","Kenya","Baringo",10314353,"8.62","8.81","9.01",0.2661,0.2722,0.2782,"Optimistic"
"Africa","KEN","Kenya","Bomet",10315810,"7.64","7.87","8.12",0.2953,0.3046,0.3139,"Optimistic"
"Africa","KEN","Kenya","Bungoma",10313021,"10.4","10.64","10.9",0.22,0.2253,0.2306,"Optimistic"
"Africa","KEN","Kenya","Busia",10313305,"10.54","10.76","11",0.2179,0.2228,0.2276,"Optimistic"
"Africa","KEN","Kenya","Elgeyo-Marakwet",10315938,"7.62","7.85","8.11",0.2958,0.3053,0.3148,"Optimistic"
"Africa","KEN","Kenya","Embu",10312987,"9.07","9.2","9.34",0.2567,0.2606,0.2645,"Optimistic"
"Africa","KEN","Kenya","Garissa",10312858,"9.09","9.23","9.37",0.256,0.2599,0.2637,"Optimistic"
"Africa","KEN","Kenya","Homa Bay",10313684,"10.33","10.61","10.9",0.22,0.2261,0.2321,"Optimistic"
"Africa","KEN","Kenya","Isiolo",10313306,"8.81","8.98","9.16",0.2619,0.267,0.2722,"Optimistic"
"Africa","KEN","Kenya","Kajiado",10314095,"8.72","8.89","9.07",0.2643,0.2697,0.2751,"Optimistic"
"Africa","KEN","Kenya","Kakamega",10313221,"10.3","10.59","10.9",0.2199,0.2264,0.2328,"Optimistic"
"Africa","KEN","Kenya","Kericho",10314583,"7.62","7.86","8.11",0.2958,0.3052,0.3147,"Optimistic"
"Africa","KEN","Kenya","Kiambu",10313251,"9.12","9.43","9.75",0.2459,0.2543,0.2628,"Optimistic"
"Africa","KEN","Kenya","Kilifi",10313703,"10.16","10.31","10.46",0.2292,0.2326,0.236,"Optimistic"
"Africa","KEN","Kenya","Kirinyaga",10313601,"9.79","9.98","10.17",0.2357,0.2403,0.245,"Optimistic"
"Africa","KEN","Kenya","Kisii",10314661,"7.67","7.9","8.13",0.2948,0.3037,0.3126,"Optimistic"
"Africa","KEN","Kenya","Kisumu",10314989,"10.26","10.56","10.88",0.2205,0.2271,0.2337,"Optimistic"
"Africa","KEN","Kenya","Kitui",10316065,"9.14","9.27","9.41",0.2549,0.2587,0.2625,"Optimistic"
"Africa","KEN","Kenya","Kwale",10314769,"10.03","10.18","10.34",0.2318,0.2355,0.2391,"Optimistic"
"Africa","KEN","Kenya","Laikipia",10314908,"9.14","9.44","9.77",0.2455,0.2539,0.2623,"Optimistic"
"Africa","KEN","Kenya","Lamu",10313301,"10.74","10.87","11.01",0.2178,0.2205,0.2232,"Optimistic"
"Africa","KEN","Kenya","Machakos",10314603,"9.58","9.78","9.98",0.2402,0.2452,0.2503,"Optimistic"
"Africa","KEN","Kenya","Makueni",10313249,"9.77","9.96","10.16",0.236,0.2407,0.2455,"Optimistic"
"Africa","KEN","Kenya","Mandera",10315436,"9.14","9.27","9.41",0.2548,0.2586,0.2624,"Optimistic"
"Africa","KEN","Kenya","Marsabit",10315062,"8.91","9.08","9.25",0.2591,0.2641,0.269,"Optimistic"
"Africa","KEN","Kenya","Meru",10313952,"9.69","9.88","10.08",0.2378,0.2427,0.2475,"Optimistic"
"Africa","KEN","Kenya","Migori",10316335,"10.28","10.58","10.89",0.2202,0.2267,0.2332,"Optimistic"
"Africa","KEN","Kenya","Mombasa",10313906,"10.03","10.18","10.34",0.232,0.2356,0.2392,"Optimistic"
"Africa","KEN","Kenya","Murang'a",10315849,"9.59","9.78","9.99",0.2401,0.2451,0.2502,"Optimistic"
"Africa","KEN","Kenya","Nairobi",10313976,"8.5","9.08","9.74",0.2461,0.2642,0.2822,"Optimistic"
"Africa","KEN","Kenya","Nakuru",10314936,"7.58","7.83","8.09",0.2965,0.3063,0.3162,"Optimistic"
"Africa","KEN","Kenya","Nandi",10314006,"7.6","7.84","8.09",0.2963,0.3059,0.3154,"Optimistic"
"Africa","KEN","Kenya","Narok",10313156,"7.58","7.82","8.08",0.2967,0.3066,0.3165,"Optimistic"
"Africa","KEN","Kenya","Nyamira",10313489,"7.7","7.91","8.13",0.2949,0.3031,0.3113,"Optimistic"
"Africa","KEN","Kenya","Nyandarua",10315098,"8.45","9.07","9.78",0.2451,0.2644,0.2836,"Optimistic"
"Africa","KEN","Kenya","Nyeri",10316234,"9.35","9.6","9.87",0.243,0.2497,0.2563,"Optimistic"
"Africa","KEN","Kenya","Samburu",10316229,"8.72","8.89","9.08",0.2642,0.2696,0.275,"Optimistic"
"Africa","KEN","Kenya","Siaya",10313999,"10.75","10.97","11.2",0.2142,0.2186,0.223,"Optimistic"
"Africa","KEN","Kenya","Taita Taveta",10315923,"10.07","10.23","10.38",0.2309,0.2345,0.238,"Optimistic"
"Africa","KEN","Kenya","Tana River",10313339,"9.47","9.59","9.72",0.2468,0.25,0.2533,"Optimistic"
"Africa","KEN","Kenya","Tharaka-Nithi",10313654,"8.96","9.13","9.29",0.258,0.2627,0.2675,"Optimistic"
"Africa","KEN","Kenya","Trans Nzoia",10315840,"7.77","7.98","8.2",0.2925,0.3005,0.3085,"Optimistic"
"Africa","KEN","Kenya","Turkana",10316172,"8.51","8.74","8.99",0.2668,0.2743,0.2817,"Optimistic"
"Africa","KEN","Kenya","Uasin Gishu",10315647,"7.62","7.85","8.11",0.2958,0.3053,0.3148,"Optimistic"
"Africa","KEN","Kenya","Vihiga",10313285,"10.28","10.58","10.89",0.2202,0.2267,0.2333,"Optimistic"
"Africa","KEN","Kenya","Wajir",10315697,"8.93","9.1","9.27",0.2587,0.2636,0.2685,"Optimistic"
"Africa","KEN","Kenya","West Pokot",10315955,"7.86","8.03","8.21",0.292,0.2985,0.305,"Optimistic"
"Africa","LBR","Liberia","Bomi",10314099,"14.04","14.09","14.14",0.1695,0.1702,0.1708,"Optimistic"
"Africa","LBR","Liberia","Bong",10315528,"16.72","16.78","16.85",0.1423,0.1429,0.1434,"Optimistic"
"Africa","LBR","Liberia","Gbapolu",10316179,"14.81","14.87","14.92",0.1607,0.1613,0.1619,"Optimistic"
"Africa","LBR","Liberia","Grand Bassa",10315875,"14.02","14.07","14.13",0.1697,0.1704,0.171,"Optimistic"
"Africa","LBR","Liberia","Grand Cape Mount",10314832,"13.58","13.63","13.68",0.1753,0.176,0.1766,"Optimistic"
"Africa","LBR","Liberia","Grand Gedeh",10313929,"14.08","14.13","14.18",0.169,0.1697,0.1703,"Optimistic"
"Africa","LBR","Liberia","Grand Kru",10313289,"16.06","16.12","16.18",0.1482,0.1487,0.1493,"Optimistic"
"Africa","LBR","Liberia","Lofa",10315879,"15.23","15.28","15.34",0.1563,0.1569,0.1575,"Optimistic"
"Africa","LBR","Liberia","Margibi",10316142,"13.5","13.55","13.6",0.1763,0.177,0.1777,"Optimistic"
"Africa","LBR","Liberia","Maryland",10316272,"14.82","14.87","14.93",0.1606,0.1612,0.1618,"Optimistic"
"Africa","LBR","Liberia","Montserrado",10313657,"12.21","12.33","12.44",0.1927,0.1945,0.1964,"Optimistic"
"Africa","LBR","Liberia","Nimba",10315551,"16.19","16.25","16.31",0.147,0.1476,0.1481,"Optimistic"
"Africa","LBR","Liberia","River Cess",10315295,"14.55","14.6","14.66",0.1636,0.1642,0.1648,"Optimistic"
"Africa","LBR","Liberia","River Gee",10312936,"15.68","15.74","15.8",0.1518,0.1523,0.1529,"Optimistic"
"Africa","LBR","Liberia","Sinoe",10314040,"14.29","14.34","14.4",0.1665,0.1672,0.1678,"Optimistic"
"Africa","MDG","Madagascar","Alaotra Mangoro",10022998,"31.95","33.09","34.32",0.0699,0.0725,0.0751,"Optimistic"
"Africa","MDG","Madagascar","Amoron I Mania",10022989,"29.78","30.8","31.89",0.0752,0.0779,0.0805,"Optimistic"
"Africa","MDG","Madagascar","Analamanga",10022983,"25.4","26.1","26.84",0.0893,0.0919,0.0944,"Optimistic"
"Africa","MDG","Madagascar","Analanjirofo",10022999,"21.07","21.43","21.81",0.11,0.1119,0.1138,"Optimistic"
"Africa","MDG","Madagascar","Androy",10023001,"27.35","28.19","29.08",0.0825,0.0851,0.0877,"Optimistic"
"Africa","MDG","Madagascar","Anosy",10023002,"24.45","25.11","25.81",0.0929,0.0955,0.0981,"Optimistic"
"Africa","MDG","Madagascar","Atsimo Andrefana",10023003,"26.44","27.03","27.64",0.0868,0.0887,0.0907,"Optimistic"
"Africa","MDG","Madagascar","Atsimo Atsinanana",10022990,"21.09","21.37","21.66",0.1107,0.1122,0.1137,"Optimistic"
"Africa","MDG","Madagascar","Atsinanana",10023000,"19.08","19.42","19.77",0.1213,0.1235,0.1257,"Optimistic"
"Africa","MDG","Madagascar","Betsiboka",10022994,"21.74","22.14","22.56",0.1063,0.1083,0.1103,"Optimistic"
"Africa","MDG","Madagascar","Boeny",10022995,"25.23","25.77","26.34",0.091,0.093,0.095,"Optimistic"
"Africa","MDG","Madagascar","Bongolava",10022984,"18.69","18.99","19.31",0.1242,0.1263,0.1283,"Optimistic"
"Africa","MDG","Madagascar","Diana",10022987,"17.93","18.29","18.66",0.1285,0.1311,0.1337,"Optimistic"
"Africa","MDG","Madagascar","Haute Matsiatra",10022991,"22.75","23.32","23.92",0.1002,0.1028,0.1054,"Optimistic"
"Africa","MDG","Madagascar","Ihorombe",10022992,"27.82","28.47","29.15",0.0823,0.0842,0.0862,"Optimistic"
"Africa","MDG","Madagascar","Itasy",10022985,"20.24","20.68","21.14",0.1134,0.116,0.1185,"Optimistic"
"Africa","MDG","Madagascar","Melaky",10022996,"17.54","17.81","18.09",0.1325,0.1346,0.1367,"Optimistic"
"Africa","MDG","Madagascar","Menabe",10023004,"19.24","19.57","19.9",0.1205,0.1225,0.1246,"Optimistic"
"Africa","MDG","Madagascar","Sava",10022988,"21.11","21.47","21.85",0.1097,0.1117,0.1136,"Optimistic"
"Africa","MDG","Madagascar","Sofia",10022997,"26.44","27.04","27.67",0.0867,0.0887,0.0907,"Optimistic"
"Africa","MDG","Madagascar","Vakinankaratra",10022986,"24.16","24.93","25.76",0.0931,0.0962,0.0993,"Optimistic"
"Africa","MDG","Madagascar","Vatovavy Fitovinany",10022993,"23.14","23.58","24.04",0.0997,0.1017,0.1036,"Optimistic"
"Africa","MLI","Mali","Bamako",10315571,"19.98","20.24","20.51",0.1169,0.1185,0.12,"Optimistic"
"Africa","MLI","Mali","Gao",10315387,"22","22.44","22.89",0.1047,0.1069,0.109,"Optimistic"
"Africa","MLI","Mali","Kayes",10314404,"19.46","19.73","20.02",0.1198,0.1215,0.1232,"Optimistic"
"Africa","MLI","Mali","Kidal",10313023,"18.3","18.77","19.27",0.1244,0.1277,0.131,"Optimistic"
"Africa","MLI","Mali","Koulikoro",10314187,"19.98","20.19","20.4",0.1175,0.1188,0.12,"Optimistic"
"Africa","MLI","Mali","Mopti",10314779,"22.54","22.89","23.26",0.1031,0.1047,0.1064,"Optimistic"
"Africa","MLI","Mali","Segou",10313801,"20.22","20.49","20.76",0.1155,0.117,0.1186,"Optimistic"
"Africa","MLI","Mali","Sikasso",10316417,"20.93","21.18","21.44",0.1119,0.1132,0.1146,"Optimistic"
"Africa","MLI","Mali","Tombouctou",10314141,"18.71","19.13","19.57",0.1226,0.1254,0.1282,"Optimistic"
"Africa","MOZ","Mozambique","Cabo Delgado",10313336,"13.65","13.8","13.96",0.1718,0.1738,0.1757,"Optimistic"
"Africa","MOZ","Mozambique","Gaza",10315818,"9.73","9.84","9.96",0.2409,0.2436,0.2464,"Optimistic"
"Africa","MOZ","Mozambique","Inhambane",10315859,"9.54","9.64","9.74",0.2462,0.2487,0.2513,"Optimistic"
"Africa","MOZ","Mozambique","Manica",10314211,"10.33","10.44","10.54",0.2274,0.2298,0.2321,"Optimistic"
"Africa","MOZ","Mozambique","Maputo",10316291,"10.84","10.99","11.13",0.2154,0.2182,0.2211,"Optimistic"
"Africa","MOZ","Mozambique","Nampula",10314340,"16.22","16.37","16.52",0.1452,0.1465,0.1478,"Optimistic"
"Africa","MOZ","Mozambique","Niassa",10314794,"12.48","12.62","12.77",0.1878,0.19,0.1921,"Optimistic"
"Africa","MOZ","Mozambique","Sofala",10314750,"11.07","11.2","11.33",0.2116,0.2141,0.2166,"Optimistic"
"Africa","MOZ","Mozambique","Tete",10313272,"9.44","9.55","9.66",0.2482,0.2511,0.2539,"Optimistic"
"Africa","MOZ","Mozambique","Zambezia",10315212,"12.19","12.33","12.46",0.1924,0.1945,0.1967,"Optimistic"
"Africa","MRT","Mauritania","Assaba",10315989,"24.77","25.31","25.87",0.0927,0.0947,0.0968,"Optimistic"
"Africa","MRT","Mauritania","Brakna",10316188,"20.61","21","21.4",0.1121,0.1142,0.1163,"Optimistic"
"Africa","MRT","Mauritania","Gorgol",10313587,"31.34","32.43","33.61",0.0713,0.0739,0.0765,"Optimistic"
"Africa","MRT","Mauritania","Guidimakha",10315443,"39.49","40+","40+",0.0554,0.0581,0.0607,"Optimistic"
"Africa","MRT","Mauritania","Hodh Ech Chargi",10313341,"27.6","28.25","28.93",0.0829,0.0849,0.0869,"Optimistic"
"Africa","MRT","Mauritania","Hodh El Gharbi",10316317,"32.5","33.4","34.34",0.0698,0.0718,0.0738,"Optimistic"
"Africa","MRT","Mauritania","Nouakchott",10313942,"23.78","24.42","25.08",0.0956,0.0982,0.1008,"Optimistic"
"Africa","MRT","Mauritania","Tagant",10314325,"37.31","38.47","39.71",0.0604,0.0623,0.0643,"Optimistic"
"Africa","MRT","Mauritania","Trarza",10316103,"21.18","21.65","22.15",0.1083,0.1107,0.1132,"Optimistic"
"Africa","MWI","Malawi","Central Region",10823024,"10.91","11.04","11.17",0.2147,0.2172,0.2198,"Optimistic"
"Africa","MWI","Malawi","Northern Region",10823025,"9.88","10","10.13",0.2368,0.2398,0.2428,"Optimistic"
"Africa","MWI","Malawi","Southern Region",10823026,"13.66","13.82","14",0.1713,0.1734,0.1756,"Optimistic"
"Africa","NAM","Namibia","Erongo",10315767,"10.02","10.89","11.92",0.2011,0.2202,0.2393,"Optimistic"
"Africa","NAM","Namibia","Kavango",10315244,"12.15","12.61","13.11",0.1829,0.1901,0.1973,"Optimistic"
"Africa","NAM","Namibia","Khomas",10313531,"12.47","13.81","15.47",0.155,0.1736,0.1923,"Optimistic"
"Africa","NAM","Namibia","Kunene",10315967,"13.26","13.83","14.46",0.1658,0.1733,0.1809,"Optimistic"
"Africa","NAM","Namibia","Ohangwena",10313978,"11.07","11.67","12.34",0.1943,0.2054,0.2166,"Optimistic"
"Africa","NAM","Namibia","Omaheke",10314354,"12.55","13.09","13.67",0.1754,0.1832,0.1911,"Optimistic"
"Africa","NAM","Namibia","Omusati",10316178,"9.59","10.03","10.51",0.2282,0.2391,0.25,"Optimistic"
"Africa","NAM","Namibia","Oshana",10316198,"9.61","10.09","10.62",0.2259,0.2378,0.2496,"Optimistic"
"Africa","NAM","Namibia","Oshikoto",10313710,"12.35","12.87","13.44",0.1784,0.1863,0.1941,"Optimistic"
"Africa","NAM","Namibia","Otjozondjupa",10315179,"13.35","13.85","14.39",0.1666,0.1731,0.1796,"Optimistic"
"Africa","NAM","Namibia","Zambezi",10316266,"11.45","11.87","12.31",0.1948,0.2021,0.2094,"Optimistic"
"Africa","NER","Niger","Agadez",10313538,"23.79","24.29","24.81",0.0967,0.0987,0.1008,"Optimistic"
"Africa","NER","Niger","Diffa",10313423,"22.81","23.06","23.32",0.1028,0.104,0.1051,"Optimistic"
"Africa","NER","Niger","Dosso",10313875,"25.12","25.42","25.73",0.0932,0.0943,0.0955,"Optimistic"
"Africa","NER","Niger","Maradi",10316333,"21.29","21.5","21.73",0.1104,0.1115,0.1126,"Optimistic"
"Africa","NER","Niger","Niamey",10313894,"22.96","23.2","23.45",0.1023,0.1034,0.1044,"Optimistic"
"Africa","NER","Niger","Tahoua",10315152,"22.99","23.25","23.53",0.1019,0.1031,0.1043,"Optimistic"
"Africa","NER","Niger","Tillabery",10313880,"27.71","28.07","28.45",0.0843,0.0854,0.0865,"Optimistic"
"Africa","NER","Niger","Zinder",10314266,"22.92","23.17","23.43",0.1023,0.1035,0.1046,"Optimistic"
"Africa","NGA","Nigeria","Abia",10313078,"12.87","13.01","13.16",0.1822,0.1843,0.1863,"Optimistic"
"Africa","NGA","Nigeria","Abuja",10313058,"13.98","14.15","14.32",0.1674,0.1695,0.1715,"Optimistic"
"Africa","NGA","Nigeria","Adamawa",10315851,"16.31","16.51","16.73",0.1433,0.1452,0.147,"Optimistic"
"Africa","NGA","Nigeria","Akwa Ibom",10313817,"19.41","19.5","19.6",0.1224,0.123,0.1236,"Optimistic"
"Africa","NGA","Nigeria","Anambra",10313334,"11.91","12.05","12.19",0.1968,0.1991,0.2014,"Optimistic"
"Africa","NGA","Nigeria","Bauchi",10315631,"17","17.19","17.39",0.1379,0.1395,0.1411,"Optimistic"
"Africa","NGA","Nigeria","Bayelsa",10312967,"17.5","17.69","17.89",0.134,0.1355,0.137,"Optimistic"
"Africa","NGA","Nigeria","Benue",10314912,"13.71","13.88","14.05",0.1707,0.1728,0.1749,"Optimistic"
"Africa","NGA","Nigeria","Borno",10316414,"15.81","16.02","16.25",0.1476,0.1497,0.1517,"Optimistic"
"Africa","NGA","Nigeria","Cross River",10314810,"17.68","17.87","18.06",0.1328,0.1342,0.1356,"Optimistic"
"Africa","NGA","Nigeria","Delta",10313483,"16.95","17.15","17.36",0.1381,0.1398,0.1415,"Optimistic"
"Africa","NGA","Nigeria","Ebonyi",10313027,"13.21","13.33","13.46",0.1782,0.1799,0.1816,"Optimistic"
"Africa","NGA","Nigeria","Edo",10312855,"17.45","17.65","17.85",0.1344,0.1359,0.1374,"Optimistic"
"Africa","NGA","Nigeria","Ekiti",10314343,"17.68","17.78","17.88",0.1341,0.1349,0.1356,"Optimistic"
"Africa","NGA","Nigeria","Enugu",10315516,"12.24","12.38","12.52",0.1915,0.1937,0.1959,"Optimistic"
"Africa","NGA","Nigeria","Gombe",10313923,"17.08","17.28","17.47",0.1372,0.1388,0.1404,"Optimistic"
"Africa","NGA","Nigeria","Imo",10315365,"12.65","12.8","12.94",0.1852,0.1874,0.1895,"Optimistic"
"Africa","NGA","Nigeria","Jigawa",10315654,"14.42","14.6","14.79",0.1622,0.1642,0.1662,"Optimistic"
"Africa","NGA","Nigeria","Kaduna",10315174,"14.51","14.69","14.87",0.1612,0.1632,0.1653,"Optimistic"
"Africa","NGA","Nigeria","Kano",10312921,"14.19","14.37","14.56",0.1647,0.1668,0.1689,"Optimistic"
"Africa","NGA","Nigeria","Katsina",10314910,"13.8","13.98","14.17",0.1692,0.1715,0.1738,"Optimistic"
"Africa","NGA","Nigeria","Kebbi",10314662,"14.27","14.45","14.63",0.1639,0.1659,0.168,"Optimistic"
"Africa","NGA","Nigeria","Kogi",10315316,"14.41","14.58","14.75",0.1625,0.1645,0.1664,"Optimistic"
"Africa","NGA","Nigeria","Kwara",10314245,"14.29","14.46","14.63",0.1639,0.1659,0.1678,"Optimistic"
"Africa","NGA","Nigeria","Lagos",10313859,"14.56","14.75","14.95",0.1604,0.1626,0.1647,"Optimistic"
"Africa","NGA","Nigeria","Nassarawa",10314878,"13.84","14.01","14.18",0.1691,0.1711,0.1732,"Optimistic"
"Africa","NGA","Nigeria","Niger",10315577,"13.46","13.62","13.79",0.1739,0.1761,0.1782,"Optimistic"
"Africa","NGA","Nigeria","Ogun",10313043,"15.72","15.89","16.08",0.1492,0.1509,0.1526,"Optimistic"
"Africa","NGA","Nigeria","Ondo",10315731,"16.22","16.4","16.57",0.1447,0.1462,0.1478,"Optimistic"
"Africa","NGA","Nigeria","Osun",10313126,"16.17","16.34","16.51",0.1452,0.1468,0.1483,"Optimistic"
"Africa","NGA","Nigeria","Oyo",10313522,"16.12","16.29","16.47",0.1456,0.1472,0.1488,"Optimistic"
"Africa","NGA","Nigeria","Plateau",10313750,"14.11","14.28","14.46",0.1659,0.1679,0.1699,"Optimistic"
"Africa","NGA","Nigeria","Rivers",10315660,"17.17","17.37","17.57",0.1365,0.1381,0.1397,"Optimistic"
"Africa","NGA","Nigeria","Sokoto",10315512,"13.7","13.88","14.07",0.1704,0.1727,0.1751,"Optimistic"
"Africa","NGA","Nigeria","Taraba",10315664,"16.42","16.62","16.82",0.1426,0.1443,0.146,"Optimistic"
"Africa","NGA","Nigeria","Yobe",10314496,"16.01","16.22","16.44",0.1459,0.1478,0.1498,"Optimistic"
"Africa","NGA","Nigeria","Zamfara",10312979,"14.27","14.45","14.63",0.1639,0.1659,0.168,"Optimistic"
"Africa","RWA","Rwanda","Eastern Province",10316343,"12.86","13.23","13.63",0.176,0.1813,0.1865,"Optimistic"
"Africa","RWA","Rwanda","Kigali City",10315395,"11.47","11.85","12.26",0.1956,0.2023,0.2091,"Optimistic"
"Africa","RWA","Rwanda","Northern Province",10313819,"14.53","15.15","15.84",0.1514,0.1582,0.1651,"Optimistic"
"Africa","RWA","Rwanda","Southern Province",10314811,"13.19","13.58","14",0.1712,0.1765,0.1818,"Optimistic"
"Africa","RWA","Rwanda","Western Province",10316146,"12.82","13.21","13.62",0.176,0.1815,0.187,"Optimistic"
"Africa","SDN","Sudan","Abyei PCA Area",604492671,"13.83","14.04","14.25",0.1682,0.1708,0.1734,"Optimistic"
"Africa","SDN","Sudan","Blue Nile",10313715,"13.09","13.27","13.45",0.1783,0.1807,0.1832,"Optimistic"
"Africa","SDN","Sudan","Central Darfur",10313773,"13.46","13.67","13.89",0.1727,0.1754,0.1781,"Optimistic"
"Africa","SDN","Sudan","East Darfur",10316135,"12.78","12.98","13.18",0.1819,0.1848,0.1877,"Optimistic"
"Africa","SDN","Sudan","El Gazira",10314619,"13.36","13.62","13.89",0.1726,0.1761,0.1795,"Optimistic"
"Africa","SDN","Sudan","Gedaref",10315606,"13","13.25","13.51",0.1775,0.181,0.1845,"Optimistic"
"Africa","SDN","Sudan","Kassala",10316326,"12.49","12.71","12.94",0.1853,0.1886,0.1919,"Optimistic"
"Africa","SDN","Sudan","Khartoum",10315942,"11.45","11.74","12.03",0.1992,0.2043,0.2094,"Optimistic"
"Africa","SDN","Sudan","North Darfur",10312861,"12.46","12.71","12.97",0.1849,0.1887,0.1924,"Optimistic"
"Africa","SDN","Sudan","North Kordofan",10314488,"12.38","12.62","12.88",0.1861,0.1899,0.1938,"Optimistic"
"Africa","SDN","Sudan","Northern",10314122,"10.9","11.27","11.67",0.2055,0.2128,0.2201,"Optimistic"
"Africa","SDN","Sudan","Red Sea",10312915,"11.99","12.29","12.6",0.1903,0.1951,0.2,"Optimistic"
"Africa","SDN","Sudan","River Nile",10313160,"11.6","11.94","12.29",0.1951,0.2009,0.2067,"Optimistic"
"Africa","SDN","Sudan","Sennar",10313109,"12.78","12.99","13.2",0.1817,0.1847,0.1876,"Optimistic"
"Africa","SDN","Sudan","South Darfur",10313631,"12.89","13.09","13.3",0.1802,0.1831,0.186,"Optimistic"
"Africa","SDN","Sudan","South Kordofan",10314274,"11.79","11.99","12.2",0.1965,0.2,0.2034,"Optimistic"
"Africa","SDN","Sudan","West Darfur",10315109,"14","14.22","14.45",0.1659,0.1686,0.1713,"Optimistic"
"Africa","SDN","Sudan","West Kordofan",10315790,"12.22","12.45","12.69",0.1889,0.1926,0.1963,"Optimistic"
"Africa","SDN","Sudan","White Nile",10314306,"12.55","12.79","13.04",0.1838,0.1875,0.1911,"Optimistic"
"Africa","SEN","Senegal","Dakar",10315544,"23.94","24.67","25.46",0.0942,0.0972,0.1002,"Optimistic"
"Africa","SEN","Senegal","Diourbel",10313645,"25.78","26.65","27.57",0.087,0.09,0.093,"Optimistic"
"Africa","SEN","Senegal","Fatick",10315906,"25.52","26.49","27.52",0.0871,0.0905,0.0939,"Optimistic"
"Africa","SEN","Senegal","Kaffrine",10313606,"25.82","26.68","27.59",0.0869,0.0899,0.0929,"Optimistic"
"Africa","SEN","Senegal","Kaolack",10313360,"25.51","26.48","27.52",0.0871,0.0906,0.094,"Optimistic"
"Africa","SEN","Senegal","Kedougou",10315457,"30.67","31.51","32.39",0.074,0.0761,0.0782,"Optimistic"
"Africa","SEN","Senegal","Kolda",10315633,"28.88","29.89","30.98",0.0774,0.0802,0.083,"Optimistic"
"Africa","SEN","Senegal","Louga",10312947,"34.78","36.29","37.94",0.0632,0.0661,0.0689,"Optimistic"
"Africa","SEN","Senegal","Matam",10315809,"34.79","36.3","37.95",0.0632,0.0661,0.0689,"Optimistic"
"Africa","SEN","Senegal","Saint-Louis",10313138,"34.44","36.07","37.86",0.0633,0.0665,0.0696,"Optimistic"
"Africa","SEN","Senegal","Sedhiou",10313263,"28.77","29.79","30.88",0.0777,0.0805,0.0834,"Optimistic"
"Africa","SEN","Senegal","Tambacounda",10313529,"28.49","29.6","30.79",0.0779,0.081,0.0842,"Optimistic"
"Africa","SEN","Senegal","Thies",10313505,"23.69","24.52","25.41",0.0944,0.0978,0.1012,"Optimistic"
"Africa","SEN","Senegal","Ziguinchor",10313559,"28.82","29.83","30.92",0.0775,0.0804,0.0832,"Optimistic"
"Africa","SLE","Sierra Leone","Eastern",10316194,"12.77","12.81","12.85",0.1866,0.1872,0.1878,"Optimistic"
"Africa","SLE","Sierra Leone","Northern",10314221,"13.28","13.32","13.36",0.1794,0.18,0.1806,"Optimistic"
"Africa","SLE","Sierra Leone","Southern",10314190,"12.08","12.14","12.2",0.1966,0.1976,0.1986,"Optimistic"
"Africa","SLE","Sierra Leone","Western Area",10315728,"11","11.12","11.26",0.213,0.2156,0.2181,"Optimistic"
"Africa","SOM","Somalia","Awdal",10316292,"34.23","35.8","37.53",0.0639,0.067,0.0701,"Optimistic"
"Africa","SOM","Somalia","Bakool",10313129,"35.83","37.03","38.32",0.0626,0.0648,0.0669,"Optimistic"
"Africa","SOM","Somalia","Banadir",10314518,"34.02","35.53","37.18",0.0645,0.0675,0.0705,"Optimistic"
"Africa","SOM","Somalia","Bari",10314826,"33.95","35.47","37.13",0.0646,0.0676,0.0706,"Optimistic"
"Africa","SOM","Somalia","Bay",10313769,"35.92","37.12","38.41",0.0624,0.0646,0.0668,"Optimistic"
"Africa","SOM","Somalia","Galgaduud",10315933,"33.36","35.05","36.91",0.065,0.0684,0.0719,"Optimistic"
"Africa","SOM","Somalia","Gedo",10313264,"36.03","37.13","38.3",0.0626,0.0646,0.0665,"Optimistic"
"Africa","SOM","Somalia","Hiraan",10315513,"34.55","36.09","37.77",0.0635,0.0664,0.0694,"Optimistic"
"Africa","SOM","Somalia","Juba Dhexe",10313728,"35.97","37.17","38.45",0.0624,0.0645,0.0667,"Optimistic"
"Africa","SOM","Somalia","Juba Hoose",10313752,"34.78","36.12","37.58",0.0638,0.0664,0.069,"Optimistic"
"Africa","SOM","Somalia","Mudug",10313687,"33.38","35.06","36.91",0.065,0.0684,0.0718,"Optimistic"
"Africa","SOM","Somalia","Nugaal",10315559,"34.07","35.62","37.32",0.0642,0.0673,0.0704,"Optimistic"
"Africa","SOM","Somalia","Sanaag",10313471,"33.45","35.12","36.97",0.0649,0.0683,0.0717,"Optimistic"
"Africa","SOM","Somalia","Shabelle Dhexe",10314367,"34.61","36.15","37.83",0.0634,0.0663,0.0693,"Optimistic"
"Africa","SOM","Somalia","Shabelle Hoose",10313250,"35.6","36.85","38.18",0.0628,0.0651,0.0674,"Optimistic"
"Africa","SOM","Somalia","Sool",10315054,"33.67","35.36","37.22",0.0644,0.0678,0.0712,"Optimistic"
"Africa","SOM","Somalia","Togdheer",10316359,"33.87","35.43","37.14",0.0646,0.0677,0.0708,"Optimistic"
"Africa","SOM","Somalia","Woqooyi Galbeed",10313506,"33.43","35.09","36.93",0.0649,0.0683,0.0717,"Optimistic"
"Africa","SSD","South Sudan","Central Equatoria",10313613,"40+","40+","40+",0.0587,0.059,0.0594,"Optimistic"
"Africa","SSD","South Sudan","Eastern Equatoria",10314466,"34.64","34.94","35.24",0.068,0.0686,0.0692,"Optimistic"
"Africa","SSD","South Sudan","El Buheyrat",10313964,"34.45","34.75","35.05",0.0684,0.069,0.0696,"Optimistic"
"Africa","SSD","South Sudan","Jonglei",10315940,"34.05","34.44","34.85",0.0688,0.0696,0.0704,"Optimistic"
"Africa","SSD","South Sudan","Northern Bahr El Ghazal",10316161,"33.55","33.86","34.18",0.0701,0.0708,0.0715,"Optimistic"
"Africa","SSD","South Sudan","Unity",10313519,"34.07","34.38","34.71",0.0691,0.0697,0.0704,"Optimistic"
"Africa","SSD","South Sudan","Upper Nile",10315322,"32.65","33.05","33.46",0.0717,0.0725,0.0734,"Optimistic"
"Africa","SSD","South Sudan","Warab",10316236,"34.68","35","35.32",0.0679,0.0685,0.0691,"Optimistic"
"Africa","SSD","South Sudan","Western Bahr El Ghazal",10313478,"34.77","35.07","35.38",0.0678,0.0684,0.069,"Optimistic"
"Africa","SSD","South Sudan","Western Equatoria",10315607,"40+","40+","40+",0.0574,0.0577,0.0581,"Optimistic"
"Africa","STP","Sao Tome And Principe","Principe",10315290,"22.75","24.32","26.12",0.0918,0.0986,0.1054,"Optimistic"
"Africa","STP","Sao Tome And Principe","Sao Tome",10313980,"20.16","21.99","24.18",0.0992,0.1091,0.1189,"Optimistic"
"Africa","SWZ","Swaziland","Hhohho",10313344,"17.27","21.85","29.71",0.0807,0.1098,0.1388,"Optimistic"
"Africa","SWZ","Swaziland","Lubombo",10314882,"16.87","20.06","24.73",0.097,0.1196,0.1422,"Optimistic"
"Africa","SWZ","Swaziland","Shiselweni",10313025,"18.03","24.24","36.98",0.0648,0.0989,0.133,"Optimistic"
"Africa","TCD","Chad","Barh el Ghazel",10314005,"34.69","35.14","35.6",0.0674,0.0682,0.0691,"Optimistic"
"Africa","TCD","Chad","Batha",10313990,"40+","40+","40+",0.0536,0.0551,0.0566,"Optimistic"
"Africa","TCD","Chad","Borkou",10314630,"23.09","24.31","25.68",0.0934,0.0986,0.1039,"Optimistic"
"Africa","TCD","Chad","Chari-Baguirmi",10314168,"32.49","33.17","33.88",0.0708,0.0723,0.0738,"Optimistic"
"Africa","TCD","Chad","Ennedi Est",10315539,"21.95","22.52","23.13",0.1037,0.1065,0.1093,"Optimistic"
"Africa","TCD","Chad","Ennedi Ouest",10316049,"21.22","21.83","22.48",0.1067,0.1098,0.113,"Optimistic"
"Africa","TCD","Chad","Guera",10314751,"23.93","24.27","24.63",0.0974,0.0988,0.1002,"Optimistic"
"Africa","TCD","Chad","Hadjer-Lamis",10314863,"32.33","32.94","33.57",0.0714,0.0728,0.0742,"Optimistic"
"Africa","TCD","Chad","Kanem",10315083,"33.01","33.72","34.46",0.0696,0.0711,0.0726,"Optimistic"
"Africa","TCD","Chad","Lac",10313992,"39.21","39.81","40+",0.0593,0.0602,0.0612,"Optimistic"
"Africa","TCD","Chad","Logone Occidental",10315696,"27","27.43","27.87",0.086,0.0874,0.0888,"Optimistic"
"Africa","TCD","Chad","Logone Oriental",10313256,"34.24","34.6","34.96",0.0686,0.0693,0.07,"Optimistic"
"Africa","TCD","Chad","Mandoul",10316032,"27.95","28.19","28.43",0.0843,0.0851,0.0858,"Optimistic"
"Africa","TCD","Chad","Mayo-Kebbi Est",10315371,"27.59","28.08","28.6",0.0839,0.0854,0.0869,"Optimistic"
"Africa","TCD","Chad","Mayo-Kebbi Ouest",10313395,"30.95","31.24","31.52",0.0761,0.0768,0.0775,"Optimistic"
"Africa","TCD","Chad","Moyen-Chari",10316362,"30.44","30.72","31",0.0773,0.0781,0.0788,"Optimistic"
"Africa","TCD","Chad","Ouaddai",10313659,"33.73","34.42","35.15",0.0682,0.0697,0.0711,"Optimistic"
"Africa","TCD","Chad","Salamat",10316411,"28.03","28.26","28.49",0.0842,0.0849,0.0855,"Optimistic"
"Africa","TCD","Chad","Sila",10313938,"35.88","36.36","36.86",0.0651,0.0659,0.0668,"Optimistic"
"Africa","TCD","Chad","Tandjile",10314996,"27.42","27.89","28.38",0.0845,0.086,0.0874,"Optimistic"
"Africa","TCD","Chad","Tibesti",10314664,"17.5","23.26","34.68",0.0692,0.1031,0.137,"Optimistic"
"Africa","TCD","Chad","Ville de N'Djamena",10313679,"31.68","32.34","33.02",0.0726,0.0742,0.0757,"Optimistic"
"Africa","TCD","Chad","Wadi Fira",10313284,"23.08","23.57","24.07",0.0996,0.1018,0.1039,"Optimistic"
"Africa","TGO","Togo","Centrale",10314456,"14.01","14.18","14.36",0.167,0.169,0.1711,"Optimistic"
"Africa","TGO","Togo","Kara",10314427,"13.99","14.16","14.33",0.1674,0.1694,0.1714,"Optimistic"
"Africa","TGO","Togo","Maritime",10313237,"18.43","18.7","18.98",0.1263,0.1282,0.1301,"Optimistic"
"Africa","TGO","Togo","Plateaux",10315550,"16.02","16.21","16.41",0.1461,0.1479,0.1497,"Optimistic"
"Africa","TGO","Togo","Savanes",10314344,"13.94","14.11","14.29",0.1678,0.1699,0.172,"Optimistic"
"Africa","TZA","Tanzania","Arusha",10316307,"7.29","7.4","7.5",0.3196,0.3242,0.3289,"Optimistic"
"Africa","TZA","Tanzania","Dar-es-salaam",10314538,"7.36","7.45","7.54",0.3181,0.3219,0.3258,"Optimistic"
"Africa","TZA","Tanzania","Dodoma",10315526,"7.92","8.04","8.15",0.2941,0.2983,0.3026,"Optimistic"
"Africa","TZA","Tanzania","Geita",10316111,"7.49","7.6","7.7",0.3114,0.3157,0.3199,"Optimistic"
"Africa","TZA","Tanzania","Iringa",10316139,"6.9","6.99","7.08",0.3387,0.3431,0.3475,"Optimistic"
"Africa","TZA","Tanzania","Kagera",10313461,"7.06","7.19","7.34",0.3268,0.3333,0.3397,"Optimistic"
"Africa","TZA","Tanzania","Kaskazini Pemba",10314271,"6.76","6.86","6.96",0.3446,0.3498,0.3549,"Optimistic"
"Africa","TZA","Tanzania","Kaskazini Unguja",10312965,"6.83","6.92","7.01",0.342,0.3467,0.3513,"Optimistic"
"Africa","TZA","Tanzania","Katavi",10315939,"7.23","7.31","7.39",0.3246,0.3281,0.3316,"Optimistic"
"Africa","TZA","Tanzania","Kigoma",10313296,"8.12","8.21","8.31",0.2886,0.292,0.2953,"Optimistic"
"Africa","TZA","Tanzania","Kilimanjaro",10313644,"7.05","7.18","7.3",0.3283,0.3341,0.3399,"Optimistic"
"Africa","TZA","Tanzania","Kusini Pemba",10315935,"6.81","6.9","7",0.3425,0.3474,0.3523,"Optimistic"
"Africa","TZA","Tanzania","Kusini Unguja",10314762,"6.85","6.94","7.03",0.3412,0.3458,0.3503,"Optimistic"
"Africa","TZA","Tanzania","Lindi",10313079,"7.11","7.2","7.28",0.3292,0.3332,0.3371,"Optimistic"
"Africa","TZA","Tanzania","Manyara",10313760,"7.67","7.82","7.96",0.3012,0.3068,0.3125,"Optimistic"
"Africa","TZA","Tanzania","Mara",10314956,"7.2","7.32","7.46",0.3215,0.3274,0.3332,"Optimistic"
"Africa","TZA","Tanzania","Mbeya",10314026,"6.97","7.05","7.13",0.3363,0.3402,0.3442,"Optimistic"
"Africa","TZA","Tanzania","Mjini Magharibi",10313694,"6.94","7.03","7.12",0.3367,0.3411,0.3454,"Optimistic"
"Africa","TZA","Tanzania","Morogoro",10313017,"7.25","7.34","7.43",0.3225,0.3266,0.3306,"Optimistic"
"Africa","TZA","Tanzania","Mtwara",10316433,"7.31","7.39","7.47",0.3211,0.3246,0.3281,"Optimistic"
"Africa","TZA","Tanzania","Mwanza",10313259,"7.55","7.65","7.75",0.3095,0.3136,0.3178,"Optimistic"
"Africa","TZA","Tanzania","Njombe",10313746,"6.99","7.08","7.17",0.3346,0.3388,0.3431,"Optimistic"
"Africa","TZA","Tanzania","Pwani",10313035,"7.29","7.38","7.47",0.321,0.325,0.3289,"Optimistic"
"Africa","TZA","Tanzania","Rukwa",10313466,"6.86","6.95","7.03",0.3411,0.3452,0.3494,"Optimistic"
"Africa","TZA","Tanzania","Ruvuma",10313018,"7.06","7.14","7.23",0.3316,0.3356,0.3397,"Optimistic"
"Africa","TZA","Tanzania","Shinyanga",10314671,"7.54","7.64","7.74",0.3097,0.3139,0.318,"Optimistic"
"Africa","TZA","Tanzania","Simiyu",10314546,"7.37","7.49","7.62",0.3148,0.3202,0.3256,"Optimistic"
"Africa","TZA","Tanzania","Singida",10314717,"7.93","8.04","8.16",0.2939,0.2982,0.3024,"Optimistic"
"Africa","TZA","Tanzania","Tabora",10314691,"8.03","8.12","8.22",0.2918,0.2952,0.2985,"Optimistic"
"Africa","TZA","Tanzania","Tanga",10314605,"7.62","7.71","7.81",0.3071,0.3109,0.3147,"Optimistic"
"Africa","UGA","Uganda","Abim",10823028,"11.4","11.43","11.47",0.209,0.2097,0.2104,"Optimistic"
"Africa","UGA","Uganda","Adjumani",10314507,"8.25","8.33","8.42",0.2847,0.2877,0.2907,"Optimistic"
"Africa","UGA","Uganda","Agago",10823029,"10.79","10.84","10.89",0.2201,0.2212,0.2223,"Optimistic"
"Africa","UGA","Uganda","Alebtong",10823030,"9.4","9.48","9.56",0.2508,0.2529,0.2551,"Optimistic"
"Africa","UGA","Uganda","Amolatar",10823032,"8.66","8.74","8.83",0.2716,0.2743,0.277,"Optimistic"
"Africa","UGA","Uganda","Amudat",10823033,"9.49","9.58","9.66",0.2482,0.2504,0.2525,"Optimistic"
"Africa","UGA","Uganda","Amuria",10823034,"11.14","11.19","11.25",0.2132,0.2143,0.2153,"Optimistic"
"Africa","UGA","Uganda","Amuru",10823035,"10.15","10.23","10.32",0.2322,0.2343,0.2364,"Optimistic"
"Africa","UGA","Uganda","Apac",10313076,"10.24","10.29","10.34",0.2319,0.2331,0.2342,"Optimistic"
"Africa","UGA","Uganda","Arua",10315464,"8.11","8.2","8.28",0.2895,0.2926,0.2957,"Optimistic"
"Africa","UGA","Uganda","Budaka",10823036,"9.14","9.23","9.33",0.257,0.2597,0.2623,"Optimistic"
"Africa","UGA","Uganda","Bududa",10823037,"8.28","8.36","8.45",0.2837,0.2867,0.2897,"Optimistic"
"Africa","UGA","Uganda","Bugiri",10316295,"10","10.08","10.17",0.2357,0.2378,0.2399,"Optimistic"
"Africa","UGA","Uganda","Buhweju",10823038,"7.15","7.23","7.31",0.3282,0.3319,0.3355,"Optimistic"
"Africa","UGA","Uganda","Buikwe",10823039,"7.52","7.6","7.68",0.3123,0.3155,0.3187,"Optimistic"
"Africa","UGA","Uganda","Bukedea",10823040,"9.35","9.44","9.54",0.2514,0.254,0.2566,"Optimistic"
"Africa","UGA","Uganda","Bukomansimbi",10823041,"7.5","7.58","7.66",0.313,0.3164,0.3199,"Optimistic"
"Africa","UGA","Uganda","Bukwo",10823042,"7.53","7.61","7.7",0.3115,0.3151,0.3186,"Optimistic"
"Africa","UGA","Uganda","Bulambuli",10823043,"8.34","8.42","8.51",0.2818,0.2847,0.2877,"Optimistic"
"Africa","UGA","Uganda","Buliisa",10823044,"8.81","8.89","8.99",0.2669,0.2696,0.2723,"Optimistic"
"Africa","UGA","Uganda","Bundibugyo",10314999,"8.62","8.71","8.81",0.2722,0.2752,0.2783,"Optimistic"
"Africa","UGA","Uganda","Bushenyi",10314457,"7.45","7.53","7.61",0.3151,0.3185,0.3219,"Optimistic"
"Africa","UGA","Uganda","Busia",10313723,"10.49","10.59","10.68",0.2245,0.2265,0.2285,"Optimistic"
"Africa","UGA","Uganda","Butaleja",10823045,"9.05","9.15","9.24",0.2595,0.2622,0.2649,"Optimistic"
"Africa","UGA","Uganda","Butambala",10823046,"7.25","7.33","7.41",0.3235,0.3272,0.3308,"Optimistic"
"Africa","UGA","Uganda","Buvuma",10823047,"8.42","8.5","8.59",0.2792,0.282,0.2847,"Optimistic"
"Africa","UGA","Uganda","Buyende",10823048,"8.85","8.94","9.03",0.2656,0.2683,0.271,"Optimistic"
"Africa","UGA","Uganda","Dokolo",10823049,"9.14","9.22","9.3",0.2579,0.2601,0.2623,"Optimistic"
"Africa","UGA","Uganda","Gomba",10823050,"7.48","7.56","7.65",0.3136,0.317,0.3205,"Optimistic"
"Africa","UGA","Uganda","Gulu",10314652,"10.18","10.27","10.36",0.2315,0.2336,0.2356,"Optimistic"
"Africa","UGA","Uganda","Hoima",10313414,"8.37","8.45","8.54",0.2808,0.2837,0.2865,"Optimistic"
"Africa","UGA","Uganda","Ibanda",10823051,"7.41","7.49","7.57",0.3169,0.3203,0.3237,"Optimistic"
"Africa","UGA","Uganda","Iganga",10314207,"9.9","9.98","10.07",0.2381,0.2402,0.2423,"Optimistic"
"Africa","UGA","Uganda","Isingiro",10823052,"7.08","7.16","7.25",0.3309,0.3349,0.3388,"Optimistic"
"Africa","UGA","Uganda","Jinja",10313260,"8.29","8.37","8.46",0.2836,0.2864,0.2893,"Optimistic"
"Africa","UGA","Uganda","Kaabong",10823053,"10.07","10.16","10.25",0.2339,0.236,0.238,"Optimistic"
"Africa","UGA","Uganda","Kabale",10313509,"6.24","6.46","6.69",0.3585,0.3712,0.384,"Optimistic"
"Africa","UGA","Uganda","Kabarole",10314754,"8.61","8.7","8.8",0.2725,0.2756,0.2786,"Optimistic"
"Africa","UGA","Uganda","Kaberamaido",10315699,"9.74","9.83","9.91",0.2419,0.244,0.2462,"Optimistic"
"Africa","UGA","Uganda","Kagadi",604492677,"8.24","8.33","8.42",0.2848,0.2879,0.2909,"Optimistic"
"Africa","UGA","Uganda","Kakumiro",604492675,"8.71","8.8","8.89",0.2698,0.2726,0.2753,"Optimistic"
"Africa","UGA","Uganda","Kalangala",10315657,"7.65","7.73","7.81",0.3069,0.3103,0.3136,"Optimistic"
"Africa","UGA","Uganda","Kaliro",10823054,"8.86","8.95","9.04",0.2654,0.2681,0.2707,"Optimistic"
"Africa","UGA","Uganda","Kalungu",10823055,"7.36","7.44","7.52",0.3187,0.3223,0.3258,"Optimistic"
"Africa","UGA","Uganda","Kampala",10315134,"7.68","7.77","7.85",0.3053,0.3087,0.3121,"Optimistic"
"Africa","UGA","Uganda","Kamuli",10314003,"9.02","9.11","9.2",0.2605,0.2631,0.2657,"Optimistic"
"Africa","UGA","Uganda","Kamwenge",10315676,"8.54","8.63","8.73",0.2747,0.2777,0.2808,"Optimistic"
"Africa","UGA","Uganda","Kanungu",10313255,"7.52","7.6","7.69",0.312,0.3154,0.3188,"Optimistic"
"Africa","UGA","Uganda","Kapchorwa",10314674,"8.27","8.36","8.45",0.2839,0.2869,0.29,"Optimistic"
"Africa","UGA","Uganda","Kasese",10313327,"8.41","8.5","8.6",0.2788,0.282,0.2852,"Optimistic"
"Africa","UGA","Uganda","Katakwi",10315905,"11.54","11.58","11.61",0.2065,0.2072,0.2078,"Optimistic"
"Africa","UGA","Uganda","Kayunga",10313528,"8.56","8.65","8.73",0.2746,0.2773,0.28,"Optimistic"
"Africa","UGA","Uganda","Kibaale",10313802,"8.31","8.39","8.48",0.2827,0.2857,0.2887,"Optimistic"
"Africa","UGA","Uganda","Kiboga",10313662,"7.4","7.48","7.56",0.3173,0.3206,0.3239,"Optimistic"
"Africa","UGA","Uganda","Kibuku",10823056,"9.33","9.42","9.52",0.2518,0.2544,0.2571,"Optimistic"
"Africa","UGA","Uganda","Kiryandongo",10823058,"9.95","10.04","10.12",0.2368,0.2389,0.241,"Optimistic"
"Africa","UGA","Uganda","Kisoro",10315461,"6.29","6.47","6.67",0.3593,0.3704,0.3815,"Optimistic"
"Africa","UGA","Uganda","Kitgum",10316258,"10.68","10.73","10.78",0.2224,0.2235,0.2246,"Optimistic"
"Africa","UGA","Uganda","Koboko",10823059,"7.76","7.84","7.93",0.3024,0.3058,0.3091,"Optimistic"
"Africa","UGA","Uganda","Kole",10823060,"10.4","10.45","10.5",0.2283,0.2294,0.2305,"Optimistic"
"Africa","UGA","Uganda","Kotido",10313453,"10.8","10.85","10.91",0.2199,0.221,0.2221,"Optimistic"
"Africa","UGA","Uganda","Kumi",10313202,"9.86","9.95","10.03",0.239,0.2411,0.2432,"Optimistic"
"Africa","UGA","Uganda","Kween",10823061,"7.71","7.79","7.88",0.3043,0.3077,0.3111,"Optimistic"
"Africa","UGA","Uganda","Kyankwanzi",10823062,"7.75","7.83","7.9",0.3034,0.3064,0.3094,"Optimistic"
"Africa","UGA","Uganda","Kyegegwa",10823063,"8.82","8.92","9.01",0.2661,0.269,0.2718,"Optimistic"
"Africa","UGA","Uganda","Kyenjojo",10314676,"9.03","9.12","9.22",0.2602,0.2629,0.2657,"Optimistic"
"Africa","UGA","Uganda","Lamwo",10823064,"10.36","10.41","10.47",0.2291,0.2302,0.2314,"Optimistic"
"Africa","UGA","Uganda","Lira",10316350,"9.77","9.86","9.94",0.2412,0.2433,0.2454,"Optimistic"
"Africa","UGA","Uganda","Luuka",10823065,"9.27","9.35","9.43",0.2542,0.2564,0.2585,"Optimistic"
"Africa","UGA","Uganda","Luwero",10316336,"8.21","8.29","8.37",0.2863,0.2892,0.292,"Optimistic"
"Africa","UGA","Uganda","Lwengo",10823066,"7.74","7.82","7.9",0.3034,0.3067,0.31,"Optimistic"
"Africa","UGA","Uganda","Lyantonde",10823067,"7.83","7.91","8",0.2998,0.303,0.3062,"Optimistic"
"Africa","UGA","Uganda","Manafwa",10823068,"8.32","8.41","8.5",0.282,0.2851,0.2881,"Optimistic"
"Africa","UGA","Uganda","Maracha",10823069,"7.76","7.84","7.93",0.3025,0.3058,0.3091,"Optimistic"
"Africa","UGA","Uganda","Masaka",10314767,"7.35","7.43","7.52",0.319,0.3225,0.3261,"Optimistic"
"Africa","UGA","Uganda","Masindi",10315830,"8.21","8.3","8.39",0.2859,0.289,0.292,"Optimistic"
"Africa","UGA","Uganda","Mayuge",10315476,"9.71","9.79","9.88",0.2428,0.2449,0.247,"Optimistic"
"Africa","UGA","Uganda","Mbale",10316334,"8.34","8.43","8.52",0.2816,0.2845,0.2874,"Optimistic"
"Africa","UGA","Uganda","Mbarara",10313003,"7.25","7.33","7.41",0.3234,0.327,0.3305,"Optimistic"
"Africa","UGA","Uganda","Mitooma",10823070,"7.62","7.7","7.78",0.3083,0.3116,0.3149,"Optimistic"
"Africa","UGA","Uganda","Mityana",10823071,"7.11","7.18","7.26",0.3303,0.3338,0.3373,"Optimistic"
"Africa","UGA","Uganda","Moroto",10315326,"10.02","10.11","10.2",0.2352,0.2373,0.2394,"Optimistic"
"Africa","UGA","Uganda","Moyo",10314946,"7.73","7.82","7.9",0.3034,0.3067,0.3101,"Optimistic"
"Africa","UGA","Uganda","Mpigi",10314319,"7.24","7.32","7.41",0.3238,0.3274,0.3311,"Optimistic"
"Africa","UGA","Uganda","Mubende",10316089,"7.51","7.58","7.66",0.313,0.3162,0.3194,"Optimistic"
"Africa","UGA","Uganda","Mukono",10313332,"7.76","7.83","7.91",0.3032,0.3062,0.3092,"Optimistic"
"Africa","UGA","Uganda","Nakapiripirit",10314734,"10.41","10.47","10.52",0.2279,0.2291,0.2303,"Optimistic"
"Africa","UGA","Uganda","Nakaseke",10823072,"7.59","7.66","7.74",0.3097,0.3128,0.316,"Optimistic"
"Africa","UGA","Uganda","Nakasongola",10315285,"8.38","8.47","8.55",0.2805,0.2832,0.286,"Optimistic"
"Africa","UGA","Uganda","Namayingo",10823073,"10.48","10.54","10.59",0.2265,0.2276,0.2287,"Optimistic"
"Africa","UGA","Uganda","Namutumba",10823074,"8.79","8.88","8.96",0.2675,0.2702,0.2729,"Optimistic"
"Africa","UGA","Uganda","Napak",10823075,"11.45","11.49","11.53",0.208,0.2087,0.2094,"Optimistic"
"Africa","UGA","Uganda","Nebbi",10314702,"9.03","9.12","9.21",0.2602,0.2629,0.2655,"Optimistic"
"Africa","UGA","Uganda","Ngora",10823076,"9.55","9.64","9.73",0.2464,0.2488,0.2512,"Optimistic"
"Africa","UGA","Uganda","Ntoroko",10823077,"8.24","8.33","8.43",0.2845,0.2878,0.291,"Optimistic"
"Africa","UGA","Uganda","Ntungamo",10315890,"7.07","7.15","7.24",0.3314,0.3354,0.3393,"Optimistic"
"Africa","UGA","Uganda","Nwoya",10823078,"10.73","10.79","10.84",0.2212,0.2223,0.2234,"Optimistic"
"Africa","UGA","Uganda","Omoro",604492676,"11.2","11.23","11.27",0.2128,0.2135,0.2142,"Optimistic"
"Africa","UGA","Uganda","Otuke",10823079,"10.01","10.06","10.11",0.2371,0.2383,0.2395,"Optimistic"
"Africa","UGA","Uganda","Oyam",10823080,"10.86","10.91","10.97",0.2186,0.2197,0.2208,"Optimistic"
"Africa","UGA","Uganda","Pader",10315488,"10.8","10.85","10.91",0.2199,0.221,0.2221,"Optimistic"
"Africa","UGA","Uganda","Pallisa",10314071,"9.28","9.38","9.47",0.2531,0.2557,0.2584,"Optimistic"
"Africa","UGA","Uganda","Rakai",10316322,"7.41","7.49","7.57",0.3167,0.3202,0.3237,"Optimistic"
"Africa","UGA","Uganda","Rubanda",604100796,"6","6.29","6.61",0.363,0.3812,0.3995,"Optimistic"
"Africa","UGA","Uganda","Rubirizi",10823081,"7.53","7.61","7.69",0.3119,0.3152,0.3186,"Optimistic"
"Africa","UGA","Uganda","Rukungiri",10313550,"7.63","7.71","7.79",0.3077,0.3111,0.3144,"Optimistic"
"Africa","UGA","Uganda","Serere",10823082,"9.34","9.43","9.53",0.2516,0.2543,0.2569,"Optimistic"
"Africa","UGA","Uganda","Sheema",10823083,"7.32","7.4","7.48",0.3207,0.3242,0.3277,"Optimistic"
"Africa","UGA","Uganda","Sironko",10315431,"8.23","8.32","8.4",0.2853,0.2884,0.2914,"Optimistic"
"Africa","UGA","Uganda","Soroti",10313071,"10.42","10.51","10.6",0.2262,0.2282,0.2302,"Optimistic"
"Africa","UGA","Uganda","Ssembabule",10315170,"7.72","7.81","7.89",0.3039,0.3071,0.3104,"Optimistic"
"Africa","UGA","Uganda","Tororo",10313603,"9.16","9.26","9.35",0.2563,0.259,0.2617,"Optimistic"
"Africa","UGA","Uganda","Wakiso",10313044,"7.6","7.68","7.76",0.309,0.3124,0.3157,"Optimistic"
"Africa","UGA","Uganda","Yumbe",10315234,"7.82","7.91","7.99",0.3,0.3032,0.3065,"Optimistic"
"Africa","UGA","Uganda","Zombo",10823084,"9.09","9.18","9.27",0.2586,0.2612,0.2638,"Optimistic"
"Africa","ZAF","South Africa","Gauteng",10313378,"15.57","18.45","22.62",0.106,0.13,0.154,"Optimistic"
"Africa","ZAF","South Africa","KwaZulu-Natal",10314893,"15.68","18.47","22.48",0.1067,0.1298,0.153,"Optimistic"
"Africa","ZAF","South Africa","Limpopo",10315266,"16.49","19.28","23.2",0.1034,0.1244,0.1454,"Optimistic"
"Africa","ZAF","South Africa","Mpumalanga",10313486,"16.4","19.27","23.35",0.1027,0.1244,0.1462,"Optimistic"
"Africa","ZAF","South Africa","North West",10315889,"16.18","19.34","24.04",0.0998,0.124,0.1482,"Optimistic"
"Africa","ZMB","Zambia","Central",10314868,"7.16","7.24","7.31",0.3278,0.3313,0.3347,"Optimistic"
"Africa","ZMB","Zambia","Copperbelt",10313415,"8.45","8.53","8.62",0.2781,0.281,0.2838,"Optimistic"
"Africa","ZMB","Zambia","Eastern",10314963,"6.5","6.57","6.65",0.3608,0.365,0.3692,"Optimistic"
"Africa","ZMB","Zambia","Luapula",10313551,"8.94","9.03","9.12",0.263,0.2657,0.2683,"Optimistic"
"Africa","ZMB","Zambia","Lusaka",10313039,"7.05","7.14","7.23",0.3315,0.3357,0.3399,"Optimistic"
"Africa","ZMB","Zambia","Muchinga",10315723,"6.91","6.98","7.06",0.3398,0.3434,0.347,"Optimistic"
"Africa","ZMB","Zambia","North-Western",10316195,"7.44","7.51","7.58",0.3163,0.3193,0.3223,"Optimistic"
"Africa","ZMB","Zambia","Northern",10314120,"8.34","8.43","8.52",0.2814,0.2844,0.2874,"Optimistic"
"Africa","ZMB","Zambia","Southern",10315666,"6.7","6.82","6.94",0.3457,0.3517,0.3577,"Optimistic"
"Africa","ZMB","Zambia","Western",10316165,"7.83","7.91","8",0.2997,0.303,0.3062,"Optimistic"
"Africa","ZWE","Zimbabwe","Bulawayo",10314646,"20.81","21.43","22.09",0.1085,0.1119,0.1152,"Optimistic"
"Africa","ZWE","Zimbabwe","Harare",10315084,"25.78","26.85","28.02",0.0856,0.0893,0.093,"Optimistic"
"Africa","ZWE","Zimbabwe","Manicaland",10314375,"23.78","24.54","25.36",0.0946,0.0977,0.1008,"Optimistic"
"Africa","ZWE","Zimbabwe","Mashonaland Central",10314247,"22.36","23.07","23.83",0.1006,0.1039,0.1072,"Optimistic"
"Africa","ZWE","Zimbabwe","Mashonaland East",10315833,"26.15","27.1","28.13",0.0853,0.0885,0.0917,"Optimistic"
"Africa","ZWE","Zimbabwe","Mashonaland West",10316069,"27.81","28.9","30.07",0.0797,0.083,0.0862,"Optimistic"
"Africa","ZWE","Zimbabwe","Masvingo",10314859,"26.22","27.15","28.15",0.0852,0.0883,0.0915,"Optimistic"
"Africa","ZWE","Zimbabwe","Matabeleland North",10314690,"21.59","22.27","23",0.1043,0.1077,0.1111,"Optimistic"
"Africa","ZWE","Zimbabwe","Matabeleland South",10315089,"21.06","21.69","22.37",0.1072,0.1105,0.1139,"Optimistic"
"Africa","ZWE","Zimbabwe","Midlands",10314196,"23.05","23.91","24.83",0.0966,0.1003,0.104,"Optimistic"
