"continent","iso","admin_0","admin_1","t_lci","t_med","t_uci","s_lci","s_med","s_uci","scenario"
"Africa","AGO","Angola","Bengo","15.66","15.87","16.08",0.1491,0.1511,0.1531,"Pessimistic"
"Africa","AGO","Angola","Benguela","15.71","16.32","16.98",0.1413,0.1469,0.1526,"Pessimistic"
"Africa","AGO","Angola","Bie","18.79","19.01","19.23",0.1247,0.1262,0.1276,"Pessimistic"
"Africa","AGO","Angola","Cabinda","15.27","15.44","15.6",0.1537,0.1553,0.157,"Pessimistic"
"Africa","AGO","Angola","Cuando Cubango","17.99","18.09","18.19",0.1319,0.1326,0.1333,"Pessimistic"
"Africa","AGO","Angola","Cuanza Norte","16.55","16.71","16.87",0.1421,0.1435,0.1449,"Pessimistic"
"Africa","AGO","Angola","Cuanza Sul","24.36","24.84","25.34",0.0946,0.0965,0.0984,"Pessimistic"
"Africa","AGO","Angola","Cunene","12.33","12.81","13.33",0.1798,0.1872,0.1945,"Pessimistic"
"Africa","AGO","Angola","Huambo","13.18","13.68","14.22",0.1686,0.1753,0.1819,"Pessimistic"
"Africa","AGO","Angola","Huila","11.69","12.15","12.64",0.1897,0.1974,0.2051,"Pessimistic"
"Africa","AGO","Angola","Luanda","14.1","14.41","14.73",0.1627,0.1664,0.1701,"Pessimistic"
"Africa","AGO","Angola","Lunda Norte","19.04","19.38","19.74",0.1215,0.1237,0.126,"Pessimistic"
"Africa","AGO","Angola","Lunda Sul","15.91","16.29","16.68",0.1438,0.1472,0.1507,"Pessimistic"
"Africa","AGO","Angola","Malanje","16.84","17","17.16",0.1397,0.141,0.1424,"Pessimistic"
"Africa","AGO","Angola","Moxico","17.02","17.33","17.65",0.1358,0.1384,0.1409,"Pessimistic"
"Africa","AGO","Angola","Namibe","9.07","9.42","9.79",0.2449,0.2546,0.2643,"Pessimistic"
"Africa","AGO","Angola","Uige","19.91","20.13","20.35",0.1178,0.1191,0.1204,"Pessimistic"
"Africa","AGO","Angola","Zaire","11.81","11.91","12",0.1998,0.2014,0.203,"Pessimistic"
"Africa","BDI","Burundi","Bubanza","10.58","10.77","10.96",0.2187,0.2226,0.2265,"Pessimistic"
"Africa","BDI","Burundi","Bujumbura Mairie","10.75","10.97","11.21",0.214,0.2185,0.223,"Pessimistic"
"Africa","BDI","Burundi","Bujumbura Rural","11.63","11.88","12.13",0.1976,0.2019,0.2062,"Pessimistic"
"Africa","BDI","Burundi","Bururi","13.15","13.7","14.31",0.1676,0.175,0.1824,"Pessimistic"
"Africa","BDI","Burundi","Cankuzo","12.31","12.43","12.54",0.1912,0.193,0.1947,"Pessimistic"
"Africa","BDI","Burundi","Cibitoke","10.6","10.72","10.84",0.2213,0.2238,0.2263,"Pessimistic"
"Africa","BDI","Burundi","Gitega","12.7","12.82","12.94",0.1853,0.187,0.1887,"Pessimistic"
"Africa","BDI","Burundi","Karuzi","13.86","13.92","13.98",0.1715,0.1723,0.173,"Pessimistic"
"Africa","BDI","Burundi","Kayanza","11.73","11.86","12",0.1998,0.2021,0.2044,"Pessimistic"
"Africa","BDI","Burundi","Kirundo","14.22","14.32","14.42",0.1663,0.1674,0.1686,"Pessimistic"
"Africa","BDI","Burundi","Makamba","12.43","12.64","12.85",0.1866,0.1898,0.1929,"Pessimistic"
"Africa","BDI","Burundi","Muramvya","12.24","12.44","12.66",0.1894,0.1927,0.1959,"Pessimistic"
"Africa","BDI","Burundi","Muyinga","14.1","14.17","14.23",0.1685,0.1693,0.1701,"Pessimistic"
"Africa","BDI","Burundi","Mwaro","11.1","11.33","11.57",0.2072,0.2116,0.216,"Pessimistic"
"Africa","BDI","Burundi","Ngozi","13.6","13.71","13.83",0.1733,0.1748,0.1763,"Pessimistic"
"Africa","BDI","Burundi","Rumonge","14.34","14.69","15.05",0.1593,0.1633,0.1672,"Pessimistic"
"Africa","BDI","Burundi","Rutana","12.42","12.57","12.73",0.1883,0.1907,0.1931,"Pessimistic"
"Africa","BDI","Burundi","Ruyigi","13.24","13.33","13.42",0.1787,0.1799,0.1811,"Pessimistic"
"Africa","BEN","Benin","Alibori","40+","40+","40+",0.0426,0.046,0.0494,"Pessimistic"
"Africa","BEN","Benin","Atakora","26.34","26.7","27.06",0.0886,0.0898,0.091,"Pessimistic"
"Africa","BEN","Benin","Atlantique","21.34","21.69","22.05",0.1087,0.1105,0.1123,"Pessimistic"
"Africa","BEN","Benin","Borgou","25.62","26.08","26.56",0.0903,0.0919,0.0936,"Pessimistic"
"Africa","BEN","Benin","Collines","17.41","17.6","17.8",0.1347,0.1362,0.1378,"Pessimistic"
"Africa","BEN","Benin","Couffo","21.32","21.58","21.84",0.1098,0.1111,0.1125,"Pessimistic"
"Africa","BEN","Benin","Donga","16.96","17.14","17.31",0.1385,0.1399,0.1414,"Pessimistic"
"Africa","BEN","Benin","Littoral","19.39","19.97","20.57",0.1165,0.1201,0.1236,"Pessimistic"
"Africa","BEN","Benin","Mono","26.19","26.65","27.14",0.0884,0.09,0.0916,"Pessimistic"
"Africa","BEN","Benin","Oueme","21.27","21.75","22.25",0.1077,0.1102,0.1127,"Pessimistic"
"Africa","BEN","Benin","Plateau","25.89","26.28","26.68",0.0899,0.0913,0.0926,"Pessimistic"
"Africa","BEN","Benin","Zou","18.21","18.45","18.69",0.1283,0.13,0.1317,"Pessimistic"
"Africa","BFA","Burkina Faso","Boucle du Mouhoun","17.87","18.06","18.26",0.1313,0.1328,0.1342,"Pessimistic"
"Africa","BFA","Burkina Faso","Cascades","10.31","10.47","10.64",0.2254,0.229,0.2326,"Pessimistic"
"Africa","BFA","Burkina Faso","Centre","9.71","9.98","10.26",0.2338,0.2404,0.2469,"Pessimistic"
"Africa","BFA","Burkina Faso","Centre-Est","12.68","12.93","13.19",0.1818,0.1855,0.1891,"Pessimistic"
"Africa","BFA","Burkina Faso","Centre-Nord","11.33","11.52","11.7",0.2049,0.2082,0.2116,"Pessimistic"
"Africa","BFA","Burkina Faso","Centre-Ouest","11.79","11.99","12.18",0.1968,0.2001,0.2033,"Pessimistic"
"Africa","BFA","Burkina Faso","Centre-Sud","12.25","12.46","12.69",0.189,0.1924,0.1958,"Pessimistic"
"Africa","BFA","Burkina Faso","Est","12.91","13.04","13.18",0.1819,0.1838,0.1858,"Pessimistic"
"Africa","BFA","Burkina Faso","Haut-Bassins","12.42","12.64","12.88",0.1862,0.1897,0.1931,"Pessimistic"
"Africa","BFA","Burkina Faso","Nord","11.16","11.33","11.51",0.2084,0.2117,0.2149,"Pessimistic"
"Africa","BFA","Burkina Faso","Plateau-Central","10.37","10.54","10.7",0.2241,0.2276,0.2311,"Pessimistic"
"Africa","BFA","Burkina Faso","Sahel","12","12.2","12.41",0.1933,0.1965,0.1998,"Pessimistic"
"Africa","BFA","Burkina Faso","Sud-Ouest","12.5","12.62","12.75",0.188,0.19,0.1919,"Pessimistic"
"Africa","BWA","Botswana","Central","7.51","7.86","8.23",0.2913,0.3052,0.3191,"Pessimistic"
"Africa","BWA","Botswana","Chobe","7.67","8.03","8.42",0.2847,0.2986,0.3126,"Pessimistic"
"Africa","BWA","Botswana","Ghanzi","7.67","8.02","8.41",0.285,0.2989,0.3128,"Pessimistic"
"Africa","BWA","Botswana","Kgatleng","7.69","8.05","8.45",0.2839,0.2979,0.3118,"Pessimistic"
"Africa","BWA","Botswana","Kweneng","7.72","8.08","8.48",0.2829,0.2969,0.3108,"Pessimistic"
"Africa","BWA","Botswana","North-East","7.62","7.98","8.36",0.2867,0.3006,0.3145,"Pessimistic"
"Africa","BWA","Botswana","North-West","7.6","7.95","8.34",0.2876,0.3015,0.3154,"Pessimistic"
"Africa","CAF","Central African Republic","Bamingui-Bangoran","24.27","26.15","28.34",0.0846,0.0917,0.0988,"Pessimistic"
"Africa","CAF","Central African Republic","Bangui","26.52","28.64","31.12",0.077,0.0837,0.0904,"Pessimistic"
"Africa","CAF","Central African Republic","Basse-Kotto","28.49","29.62","30.84",0.0778,0.081,0.0842,"Pessimistic"
"Africa","CAF","Central African Republic","Haut-Mbomou","26.15","27.52","29.06",0.0825,0.0871,0.0917,"Pessimistic"
"Africa","CAF","Central African Republic","Haute-Kotto","28.04","29.55","31.24",0.0768,0.0811,0.0855,"Pessimistic"
"Africa","CAF","Central African Republic","Kemo","27.76","29.3","31.03",0.0773,0.0818,0.0864,"Pessimistic"
"Africa","CAF","Central African Republic","Lobaye","27.97","29.34","30.84",0.0777,0.0817,0.0857,"Pessimistic"
"Africa","CAF","Central African Republic","Mambere-Kadei","26.37","27.53","28.8",0.0833,0.0871,0.0909,"Pessimistic"
"Africa","CAF","Central African Republic","Mbomou","26.9","28.11","29.44",0.0815,0.0853,0.0891,"Pessimistic"
"Africa","CAF","Central African Republic","Nana-Gribizi","27.65","29.43","31.47",0.0762,0.0815,0.0867,"Pessimistic"
"Africa","CAF","Central African Republic","Nana-Mambere","28.57","30.05","31.69",0.0757,0.0798,0.0839,"Pessimistic"
"Africa","CAF","Central African Republic","Ombella M'Poko","26.82","28.08","29.46",0.0814,0.0854,0.0894,"Pessimistic"
"Africa","CAF","Central African Republic","Ouaka","27.37","28.78","30.33",0.0791,0.0833,0.0876,"Pessimistic"
"Africa","CAF","Central African Republic","Ouham","25.89","27.5","29.32",0.0818,0.0872,0.0926,"Pessimistic"
"Africa","CAF","Central African Republic","Ouham Pende","28.2","30.1","32.27",0.0743,0.0797,0.085,"Pessimistic"
"Africa","CAF","Central African Republic","Sangha-Mbaere","28.3","29.71","31.27",0.0767,0.0807,0.0847,"Pessimistic"
"Africa","CAF","Central African Republic","Vakaga","27.18","29.82","33.02",0.0726,0.0804,0.0882,"Pessimistic"
"Africa","CIV","Côte d'Ivoire","Abidjan","21.22","22.9","24.87",0.0964,0.1047,0.113,"Pessimistic"
"Africa","CIV","Côte d'Ivoire","Bas-Sassandra","29.41","30.68","32.06",0.0748,0.0782,0.0815,"Pessimistic"
"Africa","CIV","Côte d'Ivoire","Comoe","31.36","32.42","33.55",0.0715,0.074,0.0765,"Pessimistic"
"Africa","CIV","Côte d'Ivoire","Denguele","25.87","27.29","28.87",0.0831,0.0879,0.0927,"Pessimistic"
"Africa","CIV","Côte d'Ivoire","Goh-Djiboua","21.91","22.74","23.64",0.1014,0.1054,0.1094,"Pessimistic"
"Africa","CIV","Côte d'Ivoire","Lacs","40+","40+","40+",0.0368,0.0408,0.0447,"Pessimistic"
"Africa","CIV","Côte d'Ivoire","Lagunes","21.59","22.56","23.63",0.1015,0.1063,0.1111,"Pessimistic"
"Africa","CIV","Côte d'Ivoire","Montagnes","24.08","24.76","25.48",0.0941,0.0968,0.0996,"Pessimistic"
"Africa","CIV","Côte d'Ivoire","Sassandra-Marahoue","25.14","26.14","27.22",0.0881,0.0917,0.0954,"Pessimistic"
"Africa","CIV","Côte d'Ivoire","Savanes","21.85","22.68","23.57",0.1018,0.1057,0.1097,"Pessimistic"
"Africa","CIV","Côte d'Ivoire","Vallee du Bandama","37.53","39.44","40+",0.0577,0.0608,0.0639,"Pessimistic"
"Africa","CIV","Côte d'Ivoire","Woroba","27.54","28.53","29.59",0.081,0.0841,0.0871,"Pessimistic"
"Africa","CIV","Côte d'Ivoire","Yamoussoukro","40+","40+","40+",0.0336,0.0402,0.0467,"Pessimistic"
"Africa","CIV","Côte d'Ivoire","Zanzan","36.84","38.92","40+",0.0581,0.0616,0.0651,"Pessimistic"
"Africa","CMR","Cameroon","Adamaoua","22.44","22.92","23.41",0.1024,0.1046,0.1068,"Pessimistic"
"Africa","CMR","Cameroon","Centre","14.9","15.27","15.66",0.1531,0.157,0.1609,"Pessimistic"
"Africa","CMR","Cameroon","Est","25.52","25.83","26.14",0.0917,0.0928,0.094,"Pessimistic"
"Africa","CMR","Cameroon","Extreme Nord","15.33","15.7","16.08",0.1491,0.1528,0.1564,"Pessimistic"
"Africa","CMR","Cameroon","Littoral","14.88","15.26","15.66",0.1532,0.1572,0.1612,"Pessimistic"
"Africa","CMR","Cameroon","Nord","14.72","15.05","15.4",0.1557,0.1593,0.1628,"Pessimistic"
"Africa","CMR","Cameroon","North West","14.47","14.85","15.26",0.1571,0.1614,0.1658,"Pessimistic"
"Africa","CMR","Cameroon","Ouest","11.68","11.95","12.23",0.1961,0.2007,0.2053,"Pessimistic"
"Africa","CMR","Cameroon","South West","11.15","11.38","11.61",0.2065,0.2108,0.215,"Pessimistic"
"Africa","CMR","Cameroon","Sud","16.79","17.06","17.33",0.1383,0.1406,0.1428,"Pessimistic"
"Africa","COD","Democratic Republic of the Congo","Bas-Uele","20.61","20.74","20.88",0.1148,0.1156,0.1163,"Pessimistic"
"Africa","COD","Democratic Republic of the Congo","Equateur","17.26","17.42","17.58",0.1364,0.1377,0.139,"Pessimistic"
"Africa","COD","Democratic Republic of the Congo","Haut-Katanga","19.35","19.64","19.94",0.1202,0.1221,0.1239,"Pessimistic"
"Africa","COD","Democratic Republic of the Congo","Haut-Lomami","19.72","19.94","20.18",0.1189,0.1202,0.1216,"Pessimistic"
"Africa","COD","Democratic Republic of the Congo","Haut-Uele","20.41","20.57","20.73",0.1157,0.1166,0.1175,"Pessimistic"
"Africa","COD","Democratic Republic of the Congo","Ituri","19.69","19.9","20.12",0.1192,0.1205,0.1218,"Pessimistic"
"Africa","COD","Democratic Republic of the Congo","Kasai","14.94","15.19","15.45",0.1552,0.1579,0.1605,"Pessimistic"
"Africa","COD","Democratic Republic of the Congo","Kasai Central","15.42","15.64","15.87",0.1511,0.1533,0.1555,"Pessimistic"
"Africa","COD","Democratic Republic of the Congo","Kasai Oriental","15.6","16.18","16.81",0.1426,0.1482,0.1538,"Pessimistic"
"Africa","COD","Democratic Republic of the Congo","Kinshasa","10.59","10.97","11.38",0.2108,0.2186,0.2264,"Pessimistic"
"Africa","COD","Democratic Republic of the Congo","Kongo Central","17.15","17.31","17.48",0.1372,0.1385,0.1399,"Pessimistic"
"Africa","COD","Democratic Republic of the Congo","Kwango","17.15","17.33","17.51",0.1369,0.1383,0.1398,"Pessimistic"
"Africa","COD","Democratic Republic of the Congo","Kwilu","17.03","17.22","17.41",0.1377,0.1392,0.1408,"Pessimistic"
"Africa","COD","Democratic Republic of the Congo","Lomami","19.51","19.74","19.97",0.1201,0.1215,0.1229,"Pessimistic"
"Africa","COD","Democratic Republic of the Congo","Lualaba","19.85","20.06","20.28",0.1182,0.1195,0.1208,"Pessimistic"
"Africa","COD","Democratic Republic of the Congo","Mai-Ndombe","15.93","16.14","16.36",0.1466,0.1486,0.1505,"Pessimistic"
"Africa","COD","Democratic Republic of the Congo","Maniema","14.14","14.4","14.67",0.1635,0.1665,0.1696,"Pessimistic"
"Africa","COD","Democratic Republic of the Congo","Mongala","17.33","17.48","17.64",0.1359,0.1372,0.1384,"Pessimistic"
"Africa","COD","Democratic Republic of the Congo","Nord-Kivu","12.43","12.71","13.01",0.1843,0.1886,0.193,"Pessimistic"
"Africa","COD","Democratic Republic of the Congo","Nord-Ubangi","16.91","17.1","17.29",0.1387,0.1403,0.1418,"Pessimistic"
"Africa","COD","Democratic Republic of the Congo","Sankuru","19.49","19.72","19.96",0.1202,0.1216,0.123,"Pessimistic"
"Africa","COD","Democratic Republic of the Congo","Sud-Kivu","13.15","13.46","13.78",0.174,0.1782,0.1824,"Pessimistic"
"Africa","COD","Democratic Republic of the Congo","Sud-Ubangi","18.95","19.08","19.22",0.1247,0.1256,0.1266,"Pessimistic"
"Africa","COD","Democratic Republic of the Congo","Tanganyka","18.17","18.47","18.78",0.1277,0.1298,0.132,"Pessimistic"
"Africa","COD","Democratic Republic of the Congo","Tshopo","20.4","20.56","20.73",0.1157,0.1166,0.1175,"Pessimistic"
"Africa","COD","Democratic Republic of the Congo","Tshuapa","20.29","20.38","20.48",0.1171,0.1176,0.1182,"Pessimistic"
"Africa","COG","Congo","Bouenza","10.06","10.39","10.73",0.2234,0.2309,0.2383,"Pessimistic"
"Africa","COG","Congo","Brazzaville","7.68","7.92","8.18",0.293,0.3027,0.3123,"Pessimistic"
"Africa","COG","Congo","Cuvette","14.28","14.65","15.05",0.1594,0.1636,0.1679,"Pessimistic"
"Africa","COG","Congo","Cuvette-Ouest","10.93","11.21","11.51",0.2083,0.2139,0.2195,"Pessimistic"
"Africa","COG","Congo","Kouilou","9.07","9.33","9.62",0.2493,0.2569,0.2645,"Pessimistic"
"Africa","COG","Congo","Lekoumou","10.52","10.83","11.15",0.2151,0.2215,0.2279,"Pessimistic"
"Africa","COG","Congo","Likouala","14.54","14.73","14.93",0.1607,0.1628,0.1649,"Pessimistic"
"Africa","COG","Congo","Niari","12.89","13.27","13.67",0.1755,0.1807,0.186,"Pessimistic"
"Africa","COG","Congo","Plateaux","10.95","11.32","11.71",0.2047,0.2118,0.2189,"Pessimistic"
"Africa","COG","Congo","Point-Noire","8.86","9.16","9.47",0.2531,0.2619,0.2706,"Pessimistic"
"Africa","COG","Congo","Pool","9.72","10.07","10.45",0.2295,0.2381,0.2466,"Pessimistic"
"Africa","COG","Congo","Sangha","16.29","16.66","17.04",0.1407,0.1439,0.1472,"Pessimistic"
"Africa","COM","Comoros","Anjouan","7.88","8.24","8.65",0.2773,0.2908,0.3044,"Pessimistic"
"Africa","COM","Comoros","Moheli","7.63","7.97","8.34",0.2874,0.3009,0.3144,"Pessimistic"
"Africa","COM","Comoros","Ngazidja","7.87","8.24","8.64",0.2775,0.291,0.3046,"Pessimistic"
"Africa","DJI","Djibouti","Ali Sabieh","10.38","10.77","11.18",0.2144,0.2227,0.231,"Pessimistic"
"Africa","DJI","Djibouti","Dikhil","9.64","9.99","10.38",0.2311,0.24,0.2489,"Pessimistic"
"Africa","DJI","Djibouti","Djibouti","6.01","6.31","6.64",0.3612,0.3803,0.3993,"Pessimistic"
"Africa","DJI","Djibouti","Obock","19.12","19.18","19.25",0.1246,0.125,0.1254,"Pessimistic"
"Africa","DJI","Djibouti","Tadjourah","17.44","17.51","17.57",0.1365,0.137,0.1375,"Pessimistic"
"Africa","ERI","Eritrea","Anseba","8.44","8.92","9.44",0.2539,0.2689,0.284,"Pessimistic"
"Africa","ERI","Eritrea","Archipelagos","8.43","8.9","9.43",0.2543,0.2695,0.2846,"Pessimistic"
"Africa","ERI","Eritrea","Debub","8.14","8.62","9.17",0.2616,0.2781,0.2946,"Pessimistic"
"Africa","ERI","Eritrea","Debubawi Keih Bahri","8.38","8.85","9.37",0.2559,0.2711,0.2862,"Pessimistic"
"Africa","ERI","Eritrea","Gash Barka","8.46","8.93","9.45",0.2537,0.2686,0.2834,"Pessimistic"
"Africa","ERI","Eritrea","Maekel","8.39","8.86","9.39",0.2555,0.2706,0.2858,"Pessimistic"
"Africa","ERI","Eritrea","Semenawi Keih Bahri","8.08","8.56","9.1",0.2636,0.2801,0.2966,"Pessimistic"
"Africa","ETH","Ethiopia","Addis Ababa","7.08","7.41","7.76",0.309,0.3237,0.3385,"Pessimistic"
"Africa","ETH","Ethiopia","Afar","8.73","9.06","9.42",0.2545,0.2646,0.2748,"Pessimistic"
"Africa","ETH","Ethiopia","Amhara","9.21","9.66","10.16",0.236,0.2481,0.2603,"Pessimistic"
"Africa","ETH","Ethiopia","Beneshangul Gumu","9.52","9.88","10.26",0.2338,0.2428,0.2518,"Pessimistic"
"Africa","ETH","Ethiopia","Dire Dawa","7.68","8.03","8.42",0.2849,0.2986,0.3123,"Pessimistic"
"Africa","ETH","Ethiopia","Gambela","18.14","19.44","20.94",0.1145,0.1234,0.1322,"Pessimistic"
"Africa","ETH","Ethiopia","Hareri","7.54","7.88","8.25",0.2906,0.3043,0.3181,"Pessimistic"
"Africa","ETH","Ethiopia","Oromia","10.11","10.52","10.97",0.2186,0.2278,0.2371,"Pessimistic"
"Africa","ETH","Ethiopia","SNNPR","9.96","10.35","10.78",0.2225,0.2317,0.2408,"Pessimistic"
"Africa","ETH","Ethiopia","Somali","29.58","33.08","37.52",0.0639,0.0725,0.0811,"Pessimistic"
"Africa","ETH","Ethiopia","Tigray","8.79","9.27","9.8",0.2447,0.2588,0.2728,"Pessimistic"
"Africa","GAB","Gabon","Estuaire","19.14","20.19","21.36",0.1123,0.1188,0.1253,"Pessimistic"
"Africa","GAB","Gabon","Haut-Ogooue","18.1","19.06","20.13",0.1191,0.1258,0.1324,"Pessimistic"
"Africa","GAB","Gabon","Moyen-Ogooue","17.8","18.88","20.1",0.1193,0.127,0.1347,"Pessimistic"
"Africa","GAB","Gabon","Ngounie","20.4","21.6","22.96",0.1045,0.111,0.1175,"Pessimistic"
"Africa","GAB","Gabon","Nyanga","18.73","19.4","20.11",0.1192,0.1236,0.128,"Pessimistic"
"Africa","GAB","Gabon","Ogooue-Ivindo","26.08","27.22","28.48",0.0842,0.0881,0.092,"Pessimistic"
"Africa","GAB","Gabon","Ogooue-Maritime","17.67","18.57","19.57",0.1226,0.1291,0.1357,"Pessimistic"
"Africa","GAB","Gabon","Ogooue-lolo","22.59","23.8","25.14",0.0954,0.1008,0.1061,"Pessimistic"
"Africa","GAB","Gabon","Woleu-Ntem","22.84","23.73","24.69",0.0971,0.1011,0.105,"Pessimistic"
"Africa","GHA","Ghana","Ashanti","7.75","7.9","8.07",0.2972,0.3034,0.3096,"Pessimistic"
"Africa","GHA","Ghana","Brong Ahafo","8.34","8.48","8.62",0.2781,0.2829,0.2876,"Pessimistic"
"Africa","GHA","Ghana","Central","9.8","9.97","10.14",0.2365,0.2406,0.2446,"Pessimistic"
"Africa","GHA","Ghana","Eastern","10.21","10.36","10.52",0.2279,0.2314,0.2349,"Pessimistic"
"Africa","GHA","Ghana","Greater Accra","6.09","6.24","6.39",0.3752,0.3844,0.3937,"Pessimistic"
"Africa","GHA","Ghana","Northern","8.25","8.35","8.46",0.2834,0.2871,0.2907,"Pessimistic"
"Africa","GHA","Ghana","Upper East","6.52","6.63","6.74",0.3556,0.3617,0.3679,"Pessimistic"
"Africa","GHA","Ghana","Upper West","7.51","7.61","7.7",0.3113,0.3153,0.3193,"Pessimistic"
"Africa","GHA","Ghana","Volta","7.67","7.75","7.83",0.3062,0.3094,0.3127,"Pessimistic"
"Africa","GHA","Ghana","Western","9.72","9.82","9.93",0.2416,0.2441,0.2467,"Pessimistic"
"Africa","GIN","Guinea","Boke","24.3","25.42","26.65",0.09,0.0943,0.0987,"Pessimistic"
"Africa","GIN","Guinea","Conakry","23.44","24.9","26.56",0.0903,0.0963,0.1023,"Pessimistic"
"Africa","GIN","Guinea","Faranah","24.68","25.26","25.87",0.0927,0.0949,0.0972,"Pessimistic"
"Africa","GIN","Guinea","Kankan","29.58","30.94","32.44",0.0739,0.0775,0.0811,"Pessimistic"
"Africa","GIN","Guinea","Kindia","28.98","30.33","31.81",0.0754,0.0791,0.0827,"Pessimistic"
"Africa","GIN","Guinea","Labe","31.77","34.16","36.95",0.0649,0.0702,0.0755,"Pessimistic"
"Africa","GIN","Guinea","Mamou","28.73","30.14","31.69",0.0757,0.0796,0.0835,"Pessimistic"
"Africa","GIN","Guinea","Nzerekore","24.57","25.2","25.87",0.0927,0.0952,0.0976,"Pessimistic"
"Africa","GMB","Gambia","Central River","23.95","26.11","28.69",0.0836,0.0918,0.1001,"Pessimistic"
"Africa","GMB","Gambia","Kanifing Municipal Council","23.65","25.67","28.05",0.0855,0.0934,0.1014,"Pessimistic"
"Africa","GMB","Gambia","Lower River","23.53","25.62","28.12",0.0853,0.0936,0.1019,"Pessimistic"
"Africa","GMB","Gambia","North Bank","23.14","25.11","27.44",0.0874,0.0955,0.1036,"Pessimistic"
"Africa","GMB","Gambia","Upper River","23.93","26.09","28.67",0.0836,0.0919,0.1002,"Pessimistic"
"Africa","GMB","Gambia","West Coast","24.13","26.19","28.64",0.0837,0.0915,0.0994,"Pessimistic"
"Africa","GNB","Guinea-Bissau","Bafata","9.75","10.12","10.52",0.2279,0.2369,0.246,"Pessimistic"
"Africa","GNB","Guinea-Bissau","Biombo","8.95","9.27","9.61",0.2495,0.2588,0.268,"Pessimistic"
"Africa","GNB","Guinea-Bissau","Bissau","8.6","8.97","9.37",0.2559,0.2673,0.2788,"Pessimistic"
"Africa","GNB","Guinea-Bissau","Bolama","9.08","9.44","9.84",0.2438,0.254,0.2641,"Pessimistic"
"Africa","GNB","Guinea-Bissau","Cacheu","8.96","9.31","9.69",0.2474,0.2575,0.2675,"Pessimistic"
"Africa","GNB","Guinea-Bissau","Gabu","20.72","22.3","24.13",0.0994,0.1076,0.1157,"Pessimistic"
"Africa","GNB","Guinea-Bissau","Oio","9.69","10.06","10.46",0.2292,0.2383,0.2475,"Pessimistic"
"Africa","GNB","Guinea-Bissau","Quinara","9.72","10.08","10.48",0.2287,0.2378,0.2468,"Pessimistic"
"Africa","GNB","Guinea-Bissau","Tombali","9.76","10.14","10.54",0.2275,0.2365,0.2456,"Pessimistic"
"Africa","GNQ","Equatorial Guinea","Bioko Norte","7.91","8.04","8.18",0.2932,0.2982,0.3032,"Pessimistic"
"Africa","GNQ","Equatorial Guinea","Bioko Sur","7.76","7.9","8.04",0.2984,0.3037,0.3089,"Pessimistic"
"Africa","GNQ","Equatorial Guinea","Centro Sur","7.69","7.82","7.96",0.3012,0.3066,0.3119,"Pessimistic"
"Africa","GNQ","Equatorial Guinea","Kie-Ntem","7.77","7.9","8.03",0.2987,0.3037,0.3086,"Pessimistic"
"Africa","GNQ","Equatorial Guinea","Litoral","7.25","7.37","7.49",0.32,0.3254,0.3307,"Pessimistic"
"Africa","GNQ","Equatorial Guinea","Wele-Nzas","7.4","7.53","7.67",0.3128,0.3184,0.3239,"Pessimistic"
"Africa","KEN","Kenya","Baringo","5.66","5.93","6.23",0.3848,0.4042,0.4236,"Pessimistic"
"Africa","KEN","Kenya","Bomet","5.37","5.62","5.91",0.406,0.4265,0.4469,"Pessimistic"
"Africa","KEN","Kenya","Bungoma","6.78","6.99","7.2",0.3329,0.3432,0.3536,"Pessimistic"
"Africa","KEN","Kenya","Busia","10.26","10.65","11.07",0.2166,0.2252,0.2338,"Pessimistic"
"Africa","KEN","Kenya","Elgeyo-Marakwet","5.36","5.62","5.9",0.4064,0.4269,0.4475,"Pessimistic"
"Africa","KEN","Kenya","Embu","5.78","6.03","6.29",0.3814,0.3979,0.4145,"Pessimistic"
"Africa","KEN","Kenya","Garissa","6.29","6.48","6.67",0.3593,0.3701,0.3809,"Pessimistic"
"Africa","KEN","Kenya","Homa Bay","6.49","6.75","7.04",0.3404,0.355,0.3696,"Pessimistic"
"Africa","KEN","Kenya","Isiolo","6.05","6.22","6.4",0.3744,0.3854,0.3964,"Pessimistic"
"Africa","KEN","Kenya","Kajiado","6.07","6.24","6.42",0.3733,0.3843,0.3953,"Pessimistic"
"Africa","KEN","Kenya","Kakamega","6.73","6.95","7.19",0.3336,0.3449,0.3562,"Pessimistic"
"Africa","KEN","Kenya","Kericho","5.37","5.62","5.91",0.4061,0.4265,0.4469,"Pessimistic"
"Africa","KEN","Kenya","Kiambu","5.93","6.22","6.54",0.3664,0.3855,0.4046,"Pessimistic"
"Africa","KEN","Kenya","Kilifi","9.36","9.69","10.04",0.2388,0.2475,0.2562,"Pessimistic"
"Africa","KEN","Kenya","Kirinyaga","5.95","6.24","6.56",0.3654,0.3842,0.4029,"Pessimistic"
"Africa","KEN","Kenya","Kisii","5.38","5.64","5.92",0.4052,0.4254,0.4456,"Pessimistic"
"Africa","KEN","Kenya","Kisumu","6.35","6.65","6.98",0.3437,0.3606,0.3776,"Pessimistic"
"Africa","KEN","Kenya","Kitui","6.3","6.49","6.68",0.3589,0.3696,0.3804,"Pessimistic"
"Africa","KEN","Kenya","Kwale","9.32","9.65","10.01",0.2396,0.2485,0.2573,"Pessimistic"
"Africa","KEN","Kenya","Laikipia","5.93","6.22","6.54",0.3664,0.3855,0.4045,"Pessimistic"
"Africa","KEN","Kenya","Lamu","9.22","9.56","9.92",0.2418,0.2509,0.26,"Pessimistic"
"Africa","KEN","Kenya","Machakos","6.08","6.34","6.62",0.3622,0.3783,0.3945,"Pessimistic"
"Africa","KEN","Kenya","Makueni","6.66","6.86","7.07",0.339,0.3494,0.3598,"Pessimistic"
"Africa","KEN","Kenya","Mandera","8.29","8.57","8.86",0.2706,0.2799,0.2893,"Pessimistic"
"Africa","KEN","Kenya","Marsabit","6.31","6.49","6.69",0.3587,0.3694,0.3801,"Pessimistic"
"Africa","KEN","Kenya","Meru","6.08","6.33","6.62",0.3624,0.3785,0.3947,"Pessimistic"
"Africa","KEN","Kenya","Migori","6.73","6.95","7.19",0.3336,0.3449,0.3562,"Pessimistic"
"Africa","KEN","Kenya","Mombasa","9.12","9.49","9.89",0.2424,0.2527,0.263,"Pessimistic"
"Africa","KEN","Kenya","Murang'a","5.94","6.24","6.56",0.3656,0.3845,0.4034,"Pessimistic"
"Africa","KEN","Kenya","Nairobi","5.91","6.21","6.53",0.3671,0.3864,0.4057,"Pessimistic"
"Africa","KEN","Kenya","Nakuru","5.36","5.62","5.9",0.4062,0.4266,0.4471,"Pessimistic"
"Africa","KEN","Kenya","Nandi","5.36","5.62","5.9",0.4064,0.4268,0.4473,"Pessimistic"
"Africa","KEN","Kenya","Narok","5.36","5.62","5.9",0.4062,0.4267,0.4471,"Pessimistic"
"Africa","KEN","Kenya","Nyamira","5.38","5.63","5.92",0.4054,0.4256,0.4459,"Pessimistic"
"Africa","KEN","Kenya","Nyandarua","5.91","6.2","6.53",0.3672,0.3865,0.4058,"Pessimistic"
"Africa","KEN","Kenya","Nyeri","5.93","6.22","6.55",0.3662,0.3852,0.4042,"Pessimistic"
"Africa","KEN","Kenya","Samburu","5.79","6.03","6.29",0.3813,0.3979,0.4145,"Pessimistic"
"Africa","KEN","Kenya","Siaya","10.26","10.65","11.08",0.2165,0.2251,0.2337,"Pessimistic"
"Africa","KEN","Kenya","Taita Taveta","9.26","9.59","9.95",0.241,0.25,0.259,"Pessimistic"
"Africa","KEN","Kenya","Tana River","8.29","8.56","8.86",0.2707,0.28,0.2894,"Pessimistic"
"Africa","KEN","Kenya","Tharaka-Nithi","5.9","6.1","6.32",0.3795,0.393,0.4066,"Pessimistic"
"Africa","KEN","Kenya","Trans Nzoia","5.49","5.72","5.97",0.4019,0.4193,0.4366,"Pessimistic"
"Africa","KEN","Kenya","Turkana","6.05","6.22","6.4",0.3744,0.3854,0.3964,"Pessimistic"
"Africa","KEN","Kenya","Uasin Gishu","5.36","5.61","5.9",0.4066,0.4271,0.4476,"Pessimistic"
"Africa","KEN","Kenya","Vihiga","6.49","6.76","7.04",0.3404,0.355,0.3696,"Pessimistic"
"Africa","KEN","Kenya","Wajir","6.33","6.51","6.7",0.3577,0.3683,0.379,"Pessimistic"
"Africa","KEN","Kenya","West Pokot","5.98","6.15","6.33",0.379,0.3901,0.4013,"Pessimistic"
"Africa","LBR","Liberia","Bomi","8.58","8.71","8.85",0.2709,0.2752,0.2795,"Pessimistic"
"Africa","LBR","Liberia","Bong","12.17","12.28","12.39",0.1936,0.1953,0.197,"Pessimistic"
"Africa","LBR","Liberia","Gbapolu","11.42","11.51","11.61",0.2066,0.2082,0.2099,"Pessimistic"
"Africa","LBR","Liberia","Grand Bassa","9.15","9.26","9.37",0.256,0.259,0.262,"Pessimistic"
"Africa","LBR","Liberia","Grand Cape Mount","9.19","9.31","9.44",0.254,0.2575,0.2609,"Pessimistic"
"Africa","LBR","Liberia","Grand Gedeh","10.61","10.7","10.79",0.2223,0.2242,0.2261,"Pessimistic"
"Africa","LBR","Liberia","Grand Kru","11.51","11.61","11.71",0.2047,0.2065,0.2083,"Pessimistic"
"Africa","LBR","Liberia","Lofa","11.05","11.18","11.3",0.2121,0.2146,0.217,"Pessimistic"
"Africa","LBR","Liberia","Margibi","9.04","9.16","9.28",0.2584,0.2618,0.2653,"Pessimistic"
"Africa","LBR","Liberia","Maryland","10.1","10.21","10.32",0.2324,0.2349,0.2374,"Pessimistic"
"Africa","LBR","Liberia","Montserrado","7.61","7.76","7.92",0.3027,0.3089,0.315,"Pessimistic"
"Africa","LBR","Liberia","Nimba","12.06","12.17","12.28",0.1953,0.1971,0.1988,"Pessimistic"
"Africa","LBR","Liberia","River Cess","9.2","9.29","9.39",0.2554,0.2581,0.2608,"Pessimistic"
"Africa","LBR","Liberia","River Gee","11.39","11.49","11.6",0.2068,0.2087,0.2105,"Pessimistic"
"Africa","LBR","Liberia","Sinoe","10.31","10.4","10.49",0.2286,0.2305,0.2325,"Pessimistic"
"Africa","MDG","Madagascar","Alaotra Mangoro","40+","40+","40+",0.0442,0.0514,0.0586,"Pessimistic"
"Africa","MDG","Madagascar","Amoron I Mania","13.63","14.44","15.36",0.1561,0.166,0.176,"Pessimistic"
"Africa","MDG","Madagascar","Analamanga","11.47","12.04","12.68",0.1892,0.1991,0.209,"Pessimistic"
"Africa","MDG","Madagascar","Analanjirofo","21.34","22.67","24.18",0.0992,0.1058,0.1123,"Pessimistic"
"Africa","MDG","Madagascar","Androy","11.94","12.63","13.4",0.1789,0.1898,0.2008,"Pessimistic"
"Africa","MDG","Madagascar","Anosy","25.89","28.62","32",0.0749,0.0838,0.0926,"Pessimistic"
"Africa","MDG","Madagascar","Atsimo Andrefana","28.42","30.86","33.76",0.071,0.0777,0.0844,"Pessimistic"
"Africa","MDG","Madagascar","Atsimo Atsinanana","20.49","21.77","23.21",0.1033,0.1102,0.117,"Pessimistic"
"Africa","MDG","Madagascar","Atsinanana","16.85","17.69","18.62",0.1288,0.1356,0.1423,"Pessimistic"
"Africa","MDG","Madagascar","Betsiboka","20.98","22.88","25.15",0.0953,0.1048,0.1143,"Pessimistic"
"Africa","MDG","Madagascar","Boeny","25.7","28.39","31.72",0.0756,0.0845,0.0933,"Pessimistic"
"Africa","MDG","Madagascar","Bongolava","16.24","17.05","17.95",0.1336,0.1406,0.1476,"Pessimistic"
"Africa","MDG","Madagascar","Diana","10.2","10.63","11.1",0.216,0.2256,0.2351,"Pessimistic"
"Africa","MDG","Madagascar","Haute Matsiatra","11.95","12.56","13.22",0.1814,0.191,0.2006,"Pessimistic"
"Africa","MDG","Madagascar","Ihorombe","29.3","32.85","37.39",0.0641,0.073,0.0819,"Pessimistic"
"Africa","MDG","Madagascar","Itasy","10.29","10.74","11.23",0.2135,0.2233,0.2331,"Pessimistic"
"Africa","MDG","Madagascar","Melaky","15.22","15.92","16.7",0.1436,0.1506,0.1576,"Pessimistic"
"Africa","MDG","Madagascar","Menabe","16.84","17.72","18.69",0.1283,0.1353,0.1424,"Pessimistic"
"Africa","MDG","Madagascar","Sava","20.79","22.49","24.5",0.0979,0.1066,0.1153,"Pessimistic"
"Africa","MDG","Madagascar","Sofia","28.39","30.94","34",0.0705,0.0775,0.0845,"Pessimistic"
"Africa","MDG","Madagascar","Vakinankaratra","11.28","11.84","12.45",0.1926,0.2026,0.2126,"Pessimistic"
"Africa","MDG","Madagascar","Vatovavy Fitovinany","23.5","25.22","27.2",0.0882,0.0951,0.102,"Pessimistic"
"Africa","MLI","Mali","Bamako","18.03","18.76","19.56",0.1226,0.1278,0.133,"Pessimistic"
"Africa","MLI","Mali","Gao","21.82","22.93","24.17",0.0992,0.1046,0.1099,"Pessimistic"
"Africa","MLI","Mali","Kayes","19.31","19.92","20.56",0.1166,0.1204,0.1242,"Pessimistic"
"Africa","MLI","Mali","Kidal","17.44","18.51","19.71",0.1217,0.1296,0.1375,"Pessimistic"
"Africa","MLI","Mali","Koulikoro","19.02","19.51","20.03",0.1197,0.1229,0.1261,"Pessimistic"
"Africa","MLI","Mali","Mopti","22.85","23.84","24.92",0.0962,0.1006,0.105,"Pessimistic"
"Africa","MLI","Mali","Segou","19.61","20.19","20.81",0.1152,0.1188,0.1223,"Pessimistic"
"Africa","MLI","Mali","Sikasso","20.58","21.14","21.73",0.1104,0.1134,0.1165,"Pessimistic"
"Africa","MLI","Mali","Tombouctou","17.64","18.72","19.93",0.1203,0.1281,0.1359,"Pessimistic"
"Africa","MOZ","Mozambique","Cabo Delgado","14.07","14.2","14.33",0.1673,0.1689,0.1705,"Pessimistic"
"Africa","MOZ","Mozambique","Gaza","8.98","9.16","9.34",0.2567,0.2618,0.2669,"Pessimistic"
"Africa","MOZ","Mozambique","Inhambane","8.58","8.69","8.81",0.2723,0.2759,0.2796,"Pessimistic"
"Africa","MOZ","Mozambique","Manica","9.81","9.92","10.02",0.2392,0.2418,0.2444,"Pessimistic"
"Africa","MOZ","Mozambique","Maputo","10.09","10.38","10.68",0.2244,0.231,0.2376,"Pessimistic"
"Africa","MOZ","Mozambique","Nampula","16.65","16.85","17.05",0.1406,0.1423,0.144,"Pessimistic"
"Africa","MOZ","Mozambique","Niassa","13.23","13.37","13.52",0.1774,0.1793,0.1813,"Pessimistic"
"Africa","MOZ","Mozambique","Sofala","11.34","11.48","11.63",0.2062,0.2088,0.2114,"Pessimistic"
"Africa","MOZ","Mozambique","Tete","9.54","9.69","9.85",0.2434,0.2474,0.2514,"Pessimistic"
"Africa","MOZ","Mozambique","Zambezia","12.62","12.75","12.88",0.1862,0.1881,0.19,"Pessimistic"
"Africa","MRT","Mauritania","Assaba","11.63","12.16","12.75",0.188,0.1971,0.2063,"Pessimistic"
"Africa","MRT","Mauritania","Brakna","16.72","17.51","18.37",0.1305,0.1369,0.1434,"Pessimistic"
"Africa","MRT","Mauritania","Gorgol","34.84","40+","40+",0.0503,0.0596,0.0688,"Pessimistic"
"Africa","MRT","Mauritania","Guidimakha","13.62","14.45","15.38",0.1559,0.166,0.176,"Pessimistic"
"Africa","MRT","Mauritania","Hodh Ech Chargi","26.29","28.34","30.73",0.078,0.0846,0.0912,"Pessimistic"
"Africa","MRT","Mauritania","Hodh El Gharbi","35.91","39.94","40+",0.0533,0.06,0.0668,"Pessimistic"
"Africa","MRT","Mauritania","Nouakchott","9.85","10.36","10.92",0.2195,0.2315,0.2435,"Pessimistic"
"Africa","MRT","Mauritania","Tagant","14.17","15.02","15.97",0.1501,0.1596,0.1692,"Pessimistic"
"Africa","MRT","Mauritania","Trarza","17.28","18.16","19.12",0.1254,0.1321,0.1387,"Pessimistic"
"Africa","MWI","Malawi","Central Region","9.7","9.9","10.1",0.2373,0.2422,0.2472,"Pessimistic"
"Africa","MWI","Malawi","Northern Region","9.21","9.43","9.65",0.2484,0.2544,0.2604,"Pessimistic"
"Africa","MWI","Malawi","Southern Region","11.99","12.28","12.57",0.1907,0.1953,0.2,"Pessimistic"
"Africa","NAM","Namibia","Erongo","6.39","6.7","7.04",0.3406,0.358,0.3753,"Pessimistic"
"Africa","NAM","Namibia","Kavango","6.85","7.15","7.47",0.321,0.3355,0.3501,"Pessimistic"
"Africa","NAM","Namibia","Khomas","7.21","7.52","7.86",0.3049,0.3188,0.3328,"Pessimistic"
"Africa","NAM","Namibia","Kunene","7.13","7.46","7.81",0.307,0.3216,0.3361,"Pessimistic"
"Africa","NAM","Namibia","Ohangwena","6.58","6.9","7.25",0.3307,0.3476,0.3646,"Pessimistic"
"Africa","NAM","Namibia","Omaheke","6.97","7.29","7.63",0.3145,0.3292,0.3438,"Pessimistic"
"Africa","NAM","Namibia","Omusati","6.14","6.42","6.73",0.3561,0.3734,0.3907,"Pessimistic"
"Africa","NAM","Namibia","Oshana","6.16","6.44","6.76",0.3546,0.3721,0.3895,"Pessimistic"
"Africa","NAM","Namibia","Oshikoto","6.91","7.22","7.55",0.3177,0.3323,0.3469,"Pessimistic"
"Africa","NAM","Namibia","Otjozondjupa","7.13","7.45","7.8",0.3074,0.322,0.3365,"Pessimistic"
"Africa","NAM","Namibia","Zambezi","6.6","6.93","7.29",0.3291,0.3462,0.3633,"Pessimistic"
"Africa","NER","Niger","Agadez","23.91","26.09","28.72",0.0835,0.0919,0.1003,"Pessimistic"
"Africa","NER","Niger","Diffa","22.04","22.88","23.79",0.1008,0.1048,0.1088,"Pessimistic"
"Africa","NER","Niger","Dosso","26.1","27.08","28.14",0.0852,0.0885,0.0919,"Pessimistic"
"Africa","NER","Niger","Maradi","19.78","20.5","21.29",0.1126,0.1169,0.1213,"Pessimistic"
"Africa","NER","Niger","Niamey","20.34","21.75","23.37",0.1026,0.1102,0.1179,"Pessimistic"
"Africa","NER","Niger","Tahoua","21.81","22.91","24.11",0.0994,0.1047,0.1099,"Pessimistic"
"Africa","NER","Niger","Tillabery","31.06","32.93","35.03",0.0684,0.0728,0.0772,"Pessimistic"
"Africa","NER","Niger","Zinder","22.49","23.35","24.28",0.0988,0.1027,0.1066,"Pessimistic"
"Africa","NGA","Nigeria","Abia","12.13","12.29","12.44",0.1928,0.1952,0.1976,"Pessimistic"
"Africa","NGA","Nigeria","Abuja","12.26","12.5","12.75",0.1881,0.1918,0.1956,"Pessimistic"
"Africa","NGA","Nigeria","Adamawa","14.86","15.21","15.57",0.154,0.1577,0.1614,"Pessimistic"
"Africa","NGA","Nigeria","Akwa Ibom","16.59","16.85","17.12",0.1401,0.1423,0.1445,"Pessimistic"
"Africa","NGA","Nigeria","Anambra","10.38","10.61","10.84",0.2211,0.2261,0.2311,"Pessimistic"
"Africa","NGA","Nigeria","Bauchi","15.94","16.21","16.49",0.1455,0.1479,0.1504,"Pessimistic"
"Africa","NGA","Nigeria","Bayelsa","15.87","16.19","16.52",0.1451,0.1481,0.1511,"Pessimistic"
"Africa","NGA","Nigeria","Benue","12.28","12.52","12.76",0.1879,0.1916,0.1953,"Pessimistic"
"Africa","NGA","Nigeria","Borno","15.04","15.38","15.73",0.1525,0.1559,0.1594,"Pessimistic"
"Africa","NGA","Nigeria","Cross River","16.54","16.8","17.08",0.1404,0.1427,0.145,"Pessimistic"
"Africa","NGA","Nigeria","Delta","15.77","16.1","16.45",0.1458,0.1489,0.152,"Pessimistic"
"Africa","NGA","Nigeria","Ebonyi","12.63","12.79","12.95",0.1851,0.1874,0.1898,"Pessimistic"
"Africa","NGA","Nigeria","Edo","15.75","16.09","16.43",0.1459,0.1491,0.1522,"Pessimistic"
"Africa","NGA","Nigeria","Ekiti","16.75","16.93","17.12",0.1401,0.1416,0.1431,"Pessimistic"
"Africa","NGA","Nigeria","Enugu","11.05","11.26","11.47",0.209,0.213,0.2169,"Pessimistic"
"Africa","NGA","Nigeria","Gombe","15.73","16.03","16.35",0.1467,0.1496,0.1524,"Pessimistic"
"Africa","NGA","Nigeria","Imo","11.06","11.27","11.48",0.2088,0.2128,0.2168,"Pessimistic"
"Africa","NGA","Nigeria","Jigawa","13.34","13.53","13.73",0.1746,0.1772,0.1798,"Pessimistic"
"Africa","NGA","Nigeria","Kaduna","13.4","13.58","13.77",0.1741,0.1765,0.1789,"Pessimistic"
"Africa","NGA","Nigeria","Kano","13.45","13.62","13.81",0.1737,0.176,0.1783,"Pessimistic"
"Africa","NGA","Nigeria","Katsina","12.77","12.99","13.22",0.1814,0.1846,0.1878,"Pessimistic"
"Africa","NGA","Nigeria","Kebbi","14.12","14.3","14.49",0.1655,0.1677,0.1698,"Pessimistic"
"Africa","NGA","Nigeria","Kogi","13.18","13.36","13.54",0.1771,0.1795,0.1819,"Pessimistic"
"Africa","NGA","Nigeria","Kwara","14.18","14.33","14.48",0.1656,0.1673,0.1691,"Pessimistic"
"Africa","NGA","Nigeria","Lagos","13.24","13.63","14.05",0.1706,0.1759,0.1811,"Pessimistic"
"Africa","NGA","Nigeria","Nassarawa","12.32","12.56","12.81",0.1872,0.1909,0.1946,"Pessimistic"
"Africa","NGA","Nigeria","Niger","13.16","13.33","13.52",0.1774,0.1798,0.1822,"Pessimistic"
"Africa","NGA","Nigeria","Ogun","14.75","15.03","15.31",0.1566,0.1596,0.1625,"Pessimistic"
"Africa","NGA","Nigeria","Ondo","16.32","16.52","16.73",0.1433,0.1451,0.1469,"Pessimistic"
"Africa","NGA","Nigeria","Osun","16.45","16.65","16.85",0.1423,0.144,0.1458,"Pessimistic"
"Africa","NGA","Nigeria","Oyo","15.28","15.53","15.78",0.1519,0.1544,0.1569,"Pessimistic"
"Africa","NGA","Nigeria","Plateau","12.09","12.34","12.59",0.1904,0.1944,0.1983,"Pessimistic"
"Africa","NGA","Nigeria","Rivers","15.67","16.02","16.39",0.1463,0.1496,0.153,"Pessimistic"
"Africa","NGA","Nigeria","Sokoto","12.08","12.34","12.62",0.1901,0.1943,0.1986,"Pessimistic"
"Africa","NGA","Nigeria","Taraba","15.31","15.62","15.93",0.1505,0.1535,0.1566,"Pessimistic"
"Africa","NGA","Nigeria","Yobe","14.98","15.32","15.67",0.153,0.1566,0.1601,"Pessimistic"
"Africa","NGA","Nigeria","Zamfara","12.38","12.63","12.89",0.186,0.1898,0.1936,"Pessimistic"
"Africa","RWA","Rwanda","Eastern Province","12.75","13.3","13.89",0.1726,0.1803,0.1881,"Pessimistic"
"Africa","RWA","Rwanda","Kigali City","11","11.43","11.9",0.2014,0.2098,0.2181,"Pessimistic"
"Africa","RWA","Rwanda","Northern Province","8.54","8.82","9.12",0.2628,0.2718,0.2808,"Pessimistic"
"Africa","RWA","Rwanda","Southern Province","12.99","13.56","14.18",0.1691,0.1769,0.1847,"Pessimistic"
"Africa","RWA","Rwanda","Western Province","12.6","13.16","13.78",0.1741,0.1822,0.1903,"Pessimistic"
"Africa","SDN","Sudan","Abyei PCA Area","6.89","7.1","7.33",0.3271,0.3375,0.3479,"Pessimistic"
"Africa","SDN","Sudan","Blue Nile","9.9","10.3","10.72",0.2236,0.2329,0.2421,"Pessimistic"
"Africa","SDN","Sudan","Central Darfur","10.23","10.68","11.17",0.2147,0.2246,0.2345,"Pessimistic"
"Africa","SDN","Sudan","East Darfur","9.82","10.21","10.63",0.2256,0.2348,0.2441,"Pessimistic"
"Africa","SDN","Sudan","El Gazira","6.73","6.98","7.25",0.3307,0.3434,0.3561,"Pessimistic"
"Africa","SDN","Sudan","Gedaref","6.77","6.99","7.23",0.3319,0.3432,0.3544,"Pessimistic"
"Africa","SDN","Sudan","Kassala","6.46","6.69","6.95",0.345,0.3582,0.3714,"Pessimistic"
"Africa","SDN","Sudan","Khartoum","6","6.3","6.64",0.3614,0.3804,0.3994,"Pessimistic"
"Africa","SDN","Sudan","North Darfur","7.03","7.24","7.47",0.321,0.3311,0.3412,"Pessimistic"
"Africa","SDN","Sudan","North Kordofan","6.69","6.89","7.1",0.3376,0.348,0.3584,"Pessimistic"
"Africa","SDN","Sudan","Northern","5.95","6.25","6.57",0.3647,0.3837,0.4027,"Pessimistic"
"Africa","SDN","Sudan","Red Sea","6.34","6.63","6.96",0.3444,0.3615,0.3785,"Pessimistic"
"Africa","SDN","Sudan","River Nile","6.13","6.42","6.73",0.3563,0.3737,0.391,"Pessimistic"
"Africa","SDN","Sudan","Sennar","6.7","6.9","7.11",0.3373,0.3477,0.3581,"Pessimistic"
"Africa","SDN","Sudan","South Darfur","7.04","7.25","7.48",0.3204,0.3306,0.3408,"Pessimistic"
"Africa","SDN","Sudan","South Kordofan","6.73","6.93","7.15",0.3355,0.3458,0.3561,"Pessimistic"
"Africa","SDN","Sudan","West Darfur","7.42","7.66","7.91",0.3033,0.3132,0.3232,"Pessimistic"
"Africa","SDN","Sudan","West Kordofan","9.78","10.14","10.52",0.2278,0.2365,0.2451,"Pessimistic"
"Africa","SDN","Sudan","White Nile","6.51","6.74","6.99",0.3428,0.3557,0.3685,"Pessimistic"
"Africa","SEN","Senegal","Dakar","25.16","27.59","30.53",0.0785,0.0869,0.0953,"Pessimistic"
"Africa","SEN","Senegal","Diourbel","28.02","30.74","34.05",0.0704,0.078,0.0856,"Pessimistic"
"Africa","SEN","Senegal","Fatick","27.98","30.73","34.08",0.0704,0.078,0.0857,"Pessimistic"
"Africa","SEN","Senegal","Kaffrine","27.7","30.73","34.49",0.0695,0.078,0.0866,"Pessimistic"
"Africa","SEN","Senegal","Kaolack","27.98","30.73","34.08",0.0704,0.078,0.0857,"Pessimistic"
"Africa","SEN","Senegal","Kedougou","34.7","38.87","40+",0.0543,0.0617,0.0691,"Pessimistic"
"Africa","SEN","Senegal","Kolda","34.62","38.9","40+",0.054,0.0616,0.0693,"Pessimistic"
"Africa","SEN","Senegal","Louga","40+","40+","40+",0.0296,0.0376,0.0456,"Pessimistic"
"Africa","SEN","Senegal","Matam","14.83","15.8","16.89",0.1419,0.1518,0.1617,"Pessimistic"
"Africa","SEN","Senegal","Saint-Louis","40+","40+","40+",0.0295,0.0376,0.0456,"Pessimistic"
"Africa","SEN","Senegal","Sedhiou","33.8","38.94","40+",0.0522,0.0616,0.0709,"Pessimistic"
"Africa","SEN","Senegal","Tambacounda","34.13","38.93","40+",0.0529,0.0616,0.0703,"Pessimistic"
"Africa","SEN","Senegal","Thies","25.42","27.62","30.22",0.0793,0.0868,0.0943,"Pessimistic"
"Africa","SEN","Senegal","Ziguinchor","33.79","38.94","40+",0.0522,0.0616,0.071,"Pessimistic"
"Africa","SLE","Sierra Leone","Eastern","10.4","10.52","10.64",0.2254,0.2279,0.2305,"Pessimistic"
"Africa","SLE","Sierra Leone","Northern","11.16","11.28","11.42",0.21,0.2125,0.215,"Pessimistic"
"Africa","SLE","Sierra Leone","Southern","9.5","9.59","9.69",0.2475,0.25,0.2525,"Pessimistic"
"Africa","SLE","Sierra Leone","Western Area","9.24","9.55","9.89",0.2425,0.251,0.2595,"Pessimistic"
"Africa","SOM","Somalia","Awdal","12.66","13.37","14.16",0.1694,0.1794,0.1893,"Pessimistic"
"Africa","SOM","Somalia","Bakool","40+","40+","40+",0.0302,0.0377,0.0451,"Pessimistic"
"Africa","SOM","Somalia","Banadir","40+","40+","40+",0.029,0.0375,0.046,"Pessimistic"
"Africa","SOM","Somalia","Bari","40+","40+","40+",0.0297,0.0379,0.046,"Pessimistic"
"Africa","SOM","Somalia","Bay","40+","40+","40+",0.0329,0.0385,0.044,"Pessimistic"
"Africa","SOM","Somalia","Galgaduud","40+","40+","40+",0.0284,0.0373,0.0463,"Pessimistic"
"Africa","SOM","Somalia","Gedo","40+","40+","40+",0.0303,0.0376,0.045,"Pessimistic"
"Africa","SOM","Somalia","Hiraan","40+","40+","40+",0.0293,0.0376,0.0459,"Pessimistic"
"Africa","SOM","Somalia","Juba Dhexe","40+","40+","40+",0.0284,0.037,0.0457,"Pessimistic"
"Africa","SOM","Somalia","Juba Hoose","40+","40+","40+",0.0307,0.0382,0.0456,"Pessimistic"
"Africa","SOM","Somalia","Mudug","40+","40+","40+",0.0287,0.0373,0.0459,"Pessimistic"
"Africa","SOM","Somalia","Nugaal","40+","40+","40+",0.0279,0.0368,0.0457,"Pessimistic"
"Africa","SOM","Somalia","Sanaag","40+","40+","40+",0.0283,0.0371,0.0458,"Pessimistic"
"Africa","SOM","Somalia","Shabelle Dhexe","40+","40+","40+",0.0304,0.0377,0.0451,"Pessimistic"
"Africa","SOM","Somalia","Shabelle Hoose","40+","40+","40+",0.0309,0.0381,0.0453,"Pessimistic"
"Africa","SOM","Somalia","Sool","40+","40+","40+",0.028,0.0368,0.0456,"Pessimistic"
"Africa","SOM","Somalia","Togdheer","40+","40+","40+",0.0284,0.0372,0.046,"Pessimistic"
"Africa","SOM","Somalia","Woqooyi Galbeed","40+","40+","40+",0.0287,0.0376,0.0466,"Pessimistic"
"Africa","SSD","South Sudan","Central Equatoria","32.57","33.24","33.95",0.0706,0.0721,0.0736,"Pessimistic"
"Africa","SSD","South Sudan","Eastern Equatoria","31.36","32.44","33.59",0.0714,0.0739,0.0765,"Pessimistic"
"Africa","SSD","South Sudan","El Buheyrat","28.7","30.67","32.93",0.0728,0.0782,0.0836,"Pessimistic"
"Africa","SSD","South Sudan","Jonglei","31.64","33.27","35.07",0.0684,0.0721,0.0758,"Pessimistic"
"Africa","SSD","South Sudan","Northern Bahr El Ghazal","28.15","30.39","33.03",0.0726,0.0789,0.0852,"Pessimistic"
"Africa","SSD","South Sudan","Unity","29.5","31.99","34.94",0.0686,0.0749,0.0813,"Pessimistic"
"Africa","SSD","South Sudan","Upper Nile","30.42","32.73","35.41",0.0677,0.0733,0.0788,"Pessimistic"
"Africa","SSD","South Sudan","Warab","30.38","32.76","35.53",0.0675,0.0732,0.0789,"Pessimistic"
"Africa","SSD","South Sudan","Western Bahr El Ghazal","30.3","32.08","34.08",0.0704,0.0748,0.0791,"Pessimistic"
"Africa","SSD","South Sudan","Western Equatoria","30.69","31.25","31.82",0.0754,0.0767,0.0781,"Pessimistic"
"Africa","STP","Sao Tome And Principe","Principe","9.26","9.82","10.45",0.2294,0.2442,0.259,"Pessimistic"
"Africa","STP","Sao Tome And Principe","Sao Tome","9.53","9.94","10.39",0.2307,0.2412,0.2517,"Pessimistic"
"Africa","SWZ","Swaziland","Hhohho","9.06","9.59","10.19",0.2354,0.25,0.2647,"Pessimistic"
"Africa","SWZ","Swaziland","Lubombo","8.7","9.18","9.72",0.2467,0.2611,0.2755,"Pessimistic"
"Africa","SWZ","Swaziland","Shiselweni","9.38","9.96","10.62",0.2257,0.2406,0.2555,"Pessimistic"
"Africa","TCD","Chad","Barh el Ghazel","37.63","40+","40+",0.049,0.0564,0.0637,"Pessimistic"
"Africa","TCD","Chad","Batha","40+","40+","40+",0.024,0.0308,0.0376,"Pessimistic"
"Africa","TCD","Chad","Borkou","9.69","10.28","10.94",0.2192,0.2334,0.2475,"Pessimistic"
"Africa","TCD","Chad","Chari-Baguirmi","35.64","38.77","40+",0.0564,0.0618,0.0673,"Pessimistic"
"Africa","TCD","Chad","Ennedi Est","9.37","9.82","10.33",0.2322,0.2441,0.2559,"Pessimistic"
"Africa","TCD","Chad","Ennedi Ouest","10.06","10.5","10.99",0.2182,0.2283,0.2385,"Pessimistic"
"Africa","TCD","Chad","Guera","20.34","21.41","22.6",0.1061,0.112,0.1179,"Pessimistic"
"Africa","TCD","Chad","Hadjer-Lamis","34.95","37.66","40+",0.0587,0.0637,0.0686,"Pessimistic"
"Africa","TCD","Chad","Kanem","36.94","40+","40+",0.05,0.0574,0.0649,"Pessimistic"
"Africa","TCD","Chad","Lac","40+","40+","40+",0.0284,0.0358,0.0431,"Pessimistic"
"Africa","TCD","Chad","Logone Occidental","23.73","25.27","27.02",0.0887,0.0949,0.1011,"Pessimistic"
"Africa","TCD","Chad","Logone Oriental","36.19","39.12","40+",0.0563,0.0613,0.0663,"Pessimistic"
"Africa","TCD","Chad","Mandoul","24.54","26.18","28.07",0.0854,0.0916,0.0977,"Pessimistic"
"Africa","TCD","Chad","Mayo-Kebbi Est","26.96","28.96","31.28",0.0767,0.0828,0.0889,"Pessimistic"
"Africa","TCD","Chad","Mayo-Kebbi Ouest","29.58","31.94","34.72",0.0691,0.0751,0.0811,"Pessimistic"
"Africa","TCD","Chad","Moyen-Chari","28.87","31.17","33.86",0.0708,0.0769,0.0831,"Pessimistic"
"Africa","TCD","Chad","Ouaddai","37.59","40+","40+",0.0492,0.0565,0.0638,"Pessimistic"
"Africa","TCD","Chad","Salamat","24.36","25.59","26.95",0.089,0.0937,0.0985,"Pessimistic"
"Africa","TCD","Chad","Sila","39.76","40+","40+",0.0481,0.0542,0.0603,"Pessimistic"
"Africa","TCD","Chad","Tandjile","25.01","27.03","29.41",0.0815,0.0887,0.0959,"Pessimistic"
"Africa","TCD","Chad","Tibesti","9.68","10.27","10.94",0.2192,0.2334,0.2476,"Pessimistic"
"Africa","TCD","Chad","Ville de N'Djamena","34.31","37.76","40+",0.0571,0.0635,0.0699,"Pessimistic"
"Africa","TCD","Chad","Wadi Fira","20.64","22.01","23.59",0.1017,0.1089,0.1162,"Pessimistic"
"Africa","TGO","Togo","Centrale","12.03","12.3","12.58",0.1907,0.195,0.1993,"Pessimistic"
"Africa","TGO","Togo","Kara","12.44","12.69","12.95",0.1851,0.189,0.1928,"Pessimistic"
"Africa","TGO","Togo","Maritime","18.88","19.53","20.23",0.1185,0.1228,0.127,"Pessimistic"
"Africa","TGO","Togo","Plateaux","15.47","15.73","16",0.1499,0.1525,0.155,"Pessimistic"
"Africa","TGO","Togo","Savanes","12.57","12.83","13.1",0.183,0.1869,0.1908,"Pessimistic"
"Africa","TZA","Tanzania","Arusha","6.69","6.88","7.08",0.3388,0.3488,0.3587,"Pessimistic"
"Africa","TZA","Tanzania","Dar-es-salaam","6.23","6.4","6.59",0.3641,0.3746,0.385,"Pessimistic"
"Africa","TZA","Tanzania","Dodoma","7.26","7.47","7.69",0.3118,0.3211,0.3305,"Pessimistic"
"Africa","TZA","Tanzania","Geita","6.76","6.96","7.16",0.3348,0.3448,0.3547,"Pessimistic"
"Africa","TZA","Tanzania","Iringa","5.93","6.1","6.28",0.3821,0.3934,0.4047,"Pessimistic"
"Africa","TZA","Tanzania","Kagera","6.85","7.04","7.25",0.3309,0.3405,0.3501,"Pessimistic"
"Africa","TZA","Tanzania","Kaskazini Pemba","4.99","5.13","5.29",0.4536,0.467,0.4804,"Pessimistic"
"Africa","TZA","Tanzania","Kaskazini Unguja","4.85","4.98","5.13",0.4673,0.481,0.4948,"Pessimistic"
"Africa","TZA","Tanzania","Katavi","5.78","5.92","6.07",0.3952,0.4051,0.415,"Pessimistic"
"Africa","TZA","Tanzania","Kigoma","7.24","7.4","7.57",0.317,0.3241,0.3313,"Pessimistic"
"Africa","TZA","Tanzania","Kilimanjaro","6.59","6.79","7",0.3427,0.3533,0.364,"Pessimistic"
"Africa","TZA","Tanzania","Kusini Pemba","4.84","4.98","5.13",0.4677,0.4816,0.4954,"Pessimistic"
"Africa","TZA","Tanzania","Kusini Unguja","5.84","6.01","6.19",0.3872,0.3989,0.4106,"Pessimistic"
"Africa","TZA","Tanzania","Lindi","6.21","6.36","6.52",0.3675,0.3768,0.386,"Pessimistic"
"Africa","TZA","Tanzania","Manyara","7.17","7.38","7.61",0.3152,0.3249,0.3346,"Pessimistic"
"Africa","TZA","Tanzania","Mara","5.65","5.81","5.97",0.4015,0.413,0.4246,"Pessimistic"
"Africa","TZA","Tanzania","Mbeya","5.64","5.8","5.96",0.402,0.4134,0.4249,"Pessimistic"
"Africa","TZA","Tanzania","Mjini Magharibi","5.77","5.96","6.17",0.3889,0.4021,0.4154,"Pessimistic"
"Africa","TZA","Tanzania","Morogoro","6.48","6.63","6.8",0.3527,0.3614,0.3701,"Pessimistic"
"Africa","TZA","Tanzania","Mtwara","6.3","6.44","6.58",0.3643,0.3724,0.3806,"Pessimistic"
"Africa","TZA","Tanzania","Mwanza","6.71","6.91","7.13",0.3365,0.347,0.3575,"Pessimistic"
"Africa","TZA","Tanzania","Njombe","5.93","6.1","6.28",0.3819,0.3931,0.4044,"Pessimistic"
"Africa","TZA","Tanzania","Pwani","6.41","6.58","6.76",0.3548,0.3645,0.3742,"Pessimistic"
"Africa","TZA","Tanzania","Rukwa","5.68","5.84","6",0.3997,0.4109,0.4221,"Pessimistic"
"Africa","TZA","Tanzania","Ruvuma","6.34","6.47","6.6",0.3633,0.3707,0.3782,"Pessimistic"
"Africa","TZA","Tanzania","Shinyanga","6.8","7","7.2",0.3329,0.3427,0.3525,"Pessimistic"
"Africa","TZA","Tanzania","Simiyu","6.67","6.89","7.12",0.3368,0.3483,0.3597,"Pessimistic"
"Africa","TZA","Tanzania","Singida","7.2","7.41","7.64",0.314,0.3236,0.3332,"Pessimistic"
"Africa","TZA","Tanzania","Tabora","7.1","7.28","7.46",0.3213,0.3296,0.3379,"Pessimistic"
"Africa","TZA","Tanzania","Tanga","6.9","7.07","7.25",0.3309,0.3393,0.3477,"Pessimistic"
"Africa","UGA","Uganda","Abim","9.8","9.88","9.97",0.2406,0.2426,0.2447,"Pessimistic"
"Africa","UGA","Uganda","Adjumani","7.46","7.58","7.71",0.311,0.3162,0.3213,"Pessimistic"
"Africa","UGA","Uganda","Agago","10.01","10.09","10.16",0.2359,0.2377,0.2395,"Pessimistic"
"Africa","UGA","Uganda","Alebtong","7.23","7.32","7.41",0.3235,0.3276,0.3317,"Pessimistic"
"Africa","UGA","Uganda","Amolatar","7.53","7.63","7.73",0.3104,0.3143,0.3183,"Pessimistic"
"Africa","UGA","Uganda","Amudat","7.55","7.67","7.8",0.3073,0.3125,0.3176,"Pessimistic"
"Africa","UGA","Uganda","Amuria","9.17","9.26","9.35",0.2564,0.259,0.2616,"Pessimistic"
"Africa","UGA","Uganda","Amuru","9.59","9.67","9.75",0.246,0.248,0.2501,"Pessimistic"
"Africa","UGA","Uganda","Apac","8.99","9.06","9.13",0.2627,0.2647,0.2667,"Pessimistic"
"Africa","UGA","Uganda","Arua","7.14","7.28","7.42",0.3231,0.3296,0.336,"Pessimistic"
"Africa","UGA","Uganda","Budaka","7.79","7.92","8.06",0.2974,0.3026,0.3078,"Pessimistic"
"Africa","UGA","Uganda","Bududa","7.3","7.43","7.56",0.317,0.3227,0.3283,"Pessimistic"
"Africa","UGA","Uganda","Bugiri","9.21","9.3","9.39",0.2553,0.2578,0.2604,"Pessimistic"
"Africa","UGA","Uganda","Buhweju","6.21","6.38","6.55",0.3658,0.3759,0.386,"Pessimistic"
"Africa","UGA","Uganda","Buikwe","6.1","6.22","6.34",0.3781,0.3857,0.3932,"Pessimistic"
"Africa","UGA","Uganda","Bukedea","7.81","7.94","8.07",0.297,0.302,0.3071,"Pessimistic"
"Africa","UGA","Uganda","Bukomansimbi","6.63","6.78","6.95",0.3452,0.3534,0.3617,"Pessimistic"
"Africa","UGA","Uganda","Bukwo","6.74","6.93","7.13",0.3362,0.3461,0.3559,"Pessimistic"
"Africa","UGA","Uganda","Bulambuli","7.19","7.33","7.48",0.3206,0.327,0.3335,"Pessimistic"
"Africa","UGA","Uganda","Buliisa","7.63","7.76","7.89",0.304,0.3091,0.3141,"Pessimistic"
"Africa","UGA","Uganda","Bundibugyo","7.36","7.55","7.76",0.3092,0.3174,0.3257,"Pessimistic"
"Africa","UGA","Uganda","Bushenyi","6.44","6.59","6.75",0.3554,0.3638,0.3722,"Pessimistic"
"Africa","UGA","Uganda","Busia","10.28","10.37","10.46",0.2293,0.2313,0.2332,"Pessimistic"
"Africa","UGA","Uganda","Butaleja","8.07","8.2","8.33",0.2879,0.2925,0.297,"Pessimistic"
"Africa","UGA","Uganda","Butambala","6.51","6.66","6.83",0.3513,0.3599,0.3686,"Pessimistic"
"Africa","UGA","Uganda","Buvuma","6.84","6.94","7.03",0.3409,0.3456,0.3504,"Pessimistic"
"Africa","UGA","Uganda","Buyende","7.45","7.56","7.67",0.3127,0.3172,0.3217,"Pessimistic"
"Africa","UGA","Uganda","Dokolo","7.67","7.75","7.83",0.3062,0.3094,0.3126,"Pessimistic"
"Africa","UGA","Uganda","Gomba","6.63","6.79","6.95",0.345,0.3533,0.3615,"Pessimistic"
"Africa","UGA","Uganda","Gulu","10.07","10.14","10.22",0.2347,0.2365,0.2382,"Pessimistic"
"Africa","UGA","Uganda","Hoima","7.13","7.28","7.42",0.323,0.3296,0.3361,"Pessimistic"
"Africa","UGA","Uganda","Ibanda","6.31","6.46","6.62",0.3621,0.371,0.3799,"Pessimistic"
"Africa","UGA","Uganda","Iganga","8.04","8.14","8.24",0.291,0.2946,0.2982,"Pessimistic"
"Africa","UGA","Uganda","Isingiro","6.31","6.46","6.62",0.362,0.3709,0.3798,"Pessimistic"
"Africa","UGA","Uganda","Jinja","7.14","7.26","7.37",0.3252,0.3305,0.3358,"Pessimistic"
"Africa","UGA","Uganda","Kaabong","7.76","7.88","8",0.2996,0.3042,0.3089,"Pessimistic"
"Africa","UGA","Uganda","Kabale","4.88","5.1","5.35",0.448,0.4698,0.4917,"Pessimistic"
"Africa","UGA","Uganda","Kabarole","7.31","7.52","7.74",0.3097,0.3187,0.3278,"Pessimistic"
"Africa","UGA","Uganda","Kaberamaido","8.41","8.52","8.63",0.2777,0.2813,0.285,"Pessimistic"
"Africa","UGA","Uganda","Kagadi","6.95","7.12","7.29",0.3287,0.337,0.3452,"Pessimistic"
"Africa","UGA","Uganda","Kakumiro","7.08","7.22","7.37",0.3253,0.332,0.3387,"Pessimistic"
"Africa","UGA","Uganda","Kalangala","6.66","6.8","6.95",0.345,0.3524,0.3598,"Pessimistic"
"Africa","UGA","Uganda","Kaliro","7.69","7.78","7.88",0.3042,0.3081,0.312,"Pessimistic"
"Africa","UGA","Uganda","Kalungu","6.5","6.66","6.82",0.3516,0.3603,0.369,"Pessimistic"
"Africa","UGA","Uganda","Kampala","6.75","6.95","7.15",0.3352,0.3451,0.355,"Pessimistic"
"Africa","UGA","Uganda","Kamuli","7.64","7.74","7.85",0.3055,0.3096,0.3138,"Pessimistic"
"Africa","UGA","Uganda","Kamwenge","7.4","7.59","7.79",0.3079,0.316,0.3241,"Pessimistic"
"Africa","UGA","Uganda","Kanungu","6.6","6.76","6.93",0.346,0.3547,0.3634,"Pessimistic"
"Africa","UGA","Uganda","Kapchorwa","7.12","7.26","7.41",0.3236,0.3302,0.3369,"Pessimistic"
"Africa","UGA","Uganda","Kasese","7.21","7.42","7.64",0.3137,0.3232,0.3327,"Pessimistic"
"Africa","UGA","Uganda","Katakwi","10.51","10.6","10.68",0.2245,0.2263,0.2282,"Pessimistic"
"Africa","UGA","Uganda","Kayunga","6.66","6.75","6.85",0.3501,0.3552,0.3603,"Pessimistic"
"Africa","UGA","Uganda","Kibaale","7.01","7.18","7.36",0.3258,0.3338,0.3418,"Pessimistic"
"Africa","UGA","Uganda","Kiboga","5.77","5.93","6.1",0.3934,0.4045,0.4155,"Pessimistic"
"Africa","UGA","Uganda","Kibuku","7.82","7.95","8.09",0.2965,0.3016,0.3067,"Pessimistic"
"Africa","UGA","Uganda","Kiryandongo","8.68","8.77","8.87",0.2704,0.2734,0.2764,"Pessimistic"
"Africa","UGA","Uganda","Kisoro","4.88","5.11","5.36",0.4478,0.4696,0.4914,"Pessimistic"
"Africa","UGA","Uganda","Kitgum","9.95","10.03","10.11",0.2373,0.2391,0.241,"Pessimistic"
"Africa","UGA","Uganda","Koboko","6.89","7.06","7.23",0.3315,0.3398,0.3482,"Pessimistic"
"Africa","UGA","Uganda","Kole","9.12","9.19","9.26",0.259,0.2609,0.2628,"Pessimistic"
"Africa","UGA","Uganda","Kotido","8.73","8.83","8.93",0.2686,0.2716,0.2746,"Pessimistic"
"Africa","UGA","Uganda","Kumi","8.24","8.36","8.48",0.2827,0.2868,0.2909,"Pessimistic"
"Africa","UGA","Uganda","Kween","6.75","6.94","7.14",0.3358,0.3456,0.3554,"Pessimistic"
"Africa","UGA","Uganda","Kyankwanzi","6.02","6.14","6.27",0.3825,0.3903,0.3981,"Pessimistic"
"Africa","UGA","Uganda","Kyegegwa","7.52","7.7","7.9",0.3035,0.3113,0.319,"Pessimistic"
"Africa","UGA","Uganda","Kyenjojo","7.32","7.53","7.75",0.3096,0.3186,0.3277,"Pessimistic"
"Africa","UGA","Uganda","Lamwo","8.33","8.43","8.53",0.281,0.2845,0.288,"Pessimistic"
"Africa","UGA","Uganda","Lira","8.46","8.54","8.62",0.2783,0.2809,0.2836,"Pessimistic"
"Africa","UGA","Uganda","Luuka","7.99","8.09","8.19",0.2927,0.2964,0.3001,"Pessimistic"
"Africa","UGA","Uganda","Luwero","6.16","6.28","6.4",0.3744,0.3817,0.389,"Pessimistic"
"Africa","UGA","Uganda","Lwengo","6.58","6.73","6.9",0.3477,0.3561,0.3645,"Pessimistic"
"Africa","UGA","Uganda","Lyantonde","6.62","6.78","6.94",0.3456,0.3539,0.3621,"Pessimistic"
"Africa","UGA","Uganda","Manafwa","7.33","7.45","7.58",0.3162,0.3217,0.3273,"Pessimistic"
"Africa","UGA","Uganda","Maracha","6.9","7.07","7.25",0.3309,0.3392,0.3475,"Pessimistic"
"Africa","UGA","Uganda","Masaka","6.56","6.72","6.88",0.3485,0.3569,0.3654,"Pessimistic"
"Africa","UGA","Uganda","Masindi","7.21","7.35","7.5",0.3199,0.3263,0.3326,"Pessimistic"
"Africa","UGA","Uganda","Mayuge","8.4","8.49","8.59",0.2793,0.2823,0.2853,"Pessimistic"
"Africa","UGA","Uganda","Mbale","7.46","7.58","7.71",0.3109,0.3162,0.3215,"Pessimistic"
"Africa","UGA","Uganda","Mbarara","6.38","6.53","6.69",0.3583,0.367,0.3756,"Pessimistic"
"Africa","UGA","Uganda","Mitooma","6.37","6.52","6.67",0.3593,0.368,0.3767,"Pessimistic"
"Africa","UGA","Uganda","Mityana","5.91","6.05","6.2",0.3865,0.3961,0.4056,"Pessimistic"
"Africa","UGA","Uganda","Moroto","8.77","8.86","8.96",0.2677,0.2706,0.2735,"Pessimistic"
"Africa","UGA","Uganda","Moyo","7.17","7.31","7.45",0.3217,0.3281,0.3345,"Pessimistic"
"Africa","UGA","Uganda","Mpigi","6.53","6.68","6.85",0.3502,0.3588,0.3674,"Pessimistic"
"Africa","UGA","Uganda","Mubende","5.99","6.12","6.26",0.3832,0.3916,0.4001,"Pessimistic"
"Africa","UGA","Uganda","Mukono","6.07","6.19","6.32",0.3797,0.3873,0.3949,"Pessimistic"
"Africa","UGA","Uganda","Nakapiripirit","8.8","8.88","8.98",0.2672,0.2699,0.2726,"Pessimistic"
"Africa","UGA","Uganda","Nakaseke","6.08","6.2","6.32",0.3792,0.3868,0.3943,"Pessimistic"
"Africa","UGA","Uganda","Nakasongola","6.19","6.3","6.41",0.3743,0.3809,0.3875,"Pessimistic"
"Africa","UGA","Uganda","Namayingo","10.31","10.38","10.45",0.2295,0.2311,0.2327,"Pessimistic"
"Africa","UGA","Uganda","Namutumba","7.7","7.8","7.9",0.3036,0.3075,0.3114,"Pessimistic"
"Africa","UGA","Uganda","Napak","9.89","9.97","10.06",0.2385,0.2405,0.2425,"Pessimistic"
"Africa","UGA","Uganda","Nebbi","7.82","7.93","8.04",0.2981,0.3024,0.3067,"Pessimistic"
"Africa","UGA","Uganda","Ngora","8.16","8.28","8.4",0.2854,0.2895,0.2937,"Pessimistic"
"Africa","UGA","Uganda","Ntoroko","7.23","7.44","7.67",0.3128,0.3221,0.3315,"Pessimistic"
"Africa","UGA","Uganda","Ntungamo","6.31","6.47","6.62",0.362,0.3709,0.3798,"Pessimistic"
"Africa","UGA","Uganda","Nwoya","10.28","10.35","10.43",0.23,0.2316,0.2333,"Pessimistic"
"Africa","UGA","Uganda","Omoro","11.59","11.66","11.73",0.2044,0.2056,0.2068,"Pessimistic"
"Africa","UGA","Uganda","Otuke","7.89","7.97","8.04",0.2983,0.301,0.3038,"Pessimistic"
"Africa","UGA","Uganda","Oyam","10.37","10.43","10.49",0.2286,0.23,0.2313,"Pessimistic"
"Africa","UGA","Uganda","Pader","10.18","10.25","10.33",0.2322,0.2339,0.2357,"Pessimistic"
"Africa","UGA","Uganda","Pallisa","7.71","7.85","7.99",0.3003,0.3056,0.311,"Pessimistic"
"Africa","UGA","Uganda","Rakai","6.58","6.74","6.9",0.3475,0.3559,0.3643,"Pessimistic"
"Africa","UGA","Uganda","Rubanda","4.86","5.08","5.33",0.4495,0.4717,0.4939,"Pessimistic"
"Africa","UGA","Uganda","Rubirizi","6.29","6.45","6.61",0.363,0.372,0.381,"Pessimistic"
"Africa","UGA","Uganda","Rukungiri","6.57","6.75","6.94",0.3457,0.3553,0.3648,"Pessimistic"
"Africa","UGA","Uganda","Serere","7.81","7.94","8.08",0.2969,0.302,0.3071,"Pessimistic"
"Africa","UGA","Uganda","Sheema","6.44","6.59","6.74",0.3556,0.364,0.3725,"Pessimistic"
"Africa","UGA","Uganda","Sironko","7.23","7.37","7.52",0.3188,0.3252,0.3315,"Pessimistic"
"Africa","UGA","Uganda","Soroti","8.45","8.56","8.67",0.2765,0.2801,0.2837,"Pessimistic"
"Africa","UGA","Uganda","Ssembabule","6.74","6.87","7.01",0.3422,0.349,0.3557,"Pessimistic"
"Africa","UGA","Uganda","Tororo","8.02","8.16","8.29",0.2891,0.294,0.2989,"Pessimistic"
"Africa","UGA","Uganda","Wakiso","6.44","6.61","6.79",0.353,0.3626,0.3723,"Pessimistic"
"Africa","UGA","Uganda","Yumbe","7.05","7.19","7.34",0.3269,0.3336,0.3403,"Pessimistic"
"Africa","UGA","Uganda","Zombo","7.91","8.02","8.13",0.2949,0.299,0.3032,"Pessimistic"
"Africa","ZAF","South Africa","Gauteng","8.46","8.91","9.4",0.2551,0.2692,0.2834,"Pessimistic"
"Africa","ZAF","South Africa","KwaZulu-Natal","8.47","8.91","9.41",0.2549,0.269,0.2831,"Pessimistic"
"Africa","ZAF","South Africa","Limpopo","8.49","8.94","9.43",0.2542,0.2683,0.2824,"Pessimistic"
"Africa","ZAF","South Africa","Mpumalanga","8.49","8.94","9.43",0.2542,0.2684,0.2825,"Pessimistic"
"Africa","ZAF","South Africa","North West","8.51","8.96","9.46",0.2535,0.2677,0.2818,"Pessimistic"
"Africa","ZMB","Zambia","Central","5.66","5.77","5.88",0.408,0.4159,0.4237,"Pessimistic"
"Africa","ZMB","Zambia","Copperbelt","5.95","6.1","6.26",0.3833,0.3931,0.4029,"Pessimistic"
"Africa","ZMB","Zambia","Eastern","4.6","4.73","4.86",0.4929,0.5069,0.5208,"Pessimistic"
"Africa","ZMB","Zambia","Luapula","7.67","7.77","7.87",0.3048,0.3087,0.3126,"Pessimistic"
"Africa","ZMB","Zambia","Lusaka","5.67","5.85","6.05",0.3964,0.4098,0.4232,"Pessimistic"
"Africa","ZMB","Zambia","Muchinga","5.34","5.46","5.59",0.4288,0.4389,0.449,"Pessimistic"
"Africa","ZMB","Zambia","North-Western","7.29","7.34","7.39",0.3243,0.3267,0.3291,"Pessimistic"
"Africa","ZMB","Zambia","Northern","6.92","7.04","7.16",0.3348,0.3406,0.3463,"Pessimistic"
"Africa","ZMB","Zambia","Southern","5.8","5.97","6.14",0.3903,0.402,0.4136,"Pessimistic"
"Africa","ZMB","Zambia","Western","6.74","6.85","6.96",0.3447,0.3503,0.3559,"Pessimistic"
"Africa","ZWE","Zimbabwe","Bulawayo","8.1","8.48","8.91",0.2692,0.2826,0.296,"Pessimistic"
"Africa","ZWE","Zimbabwe","Harare","9.9","10.34","10.81",0.2217,0.232,0.2422,"Pessimistic"
"Africa","ZWE","Zimbabwe","Manicaland","23.23","25.15","27.42",0.0875,0.0953,0.1032,"Pessimistic"
"Africa","ZWE","Zimbabwe","Mashonaland Central","9.77","10.13","10.52",0.228,0.2367,0.2454,"Pessimistic"
"Africa","ZWE","Zimbabwe","Mashonaland East","27.59","30.76","34.74",0.069,0.078,0.0869,"Pessimistic"
"Africa","ZWE","Zimbabwe","Mashonaland West","30.7","34.71","39.94",0.06,0.0691,0.0781,"Pessimistic"
"Africa","ZWE","Zimbabwe","Masvingo","10.75","11.2","11.7",0.205,0.214,0.2231,"Pessimistic"
"Africa","ZWE","Zimbabwe","Matabeleland North","9.56","9.91","10.28",0.2332,0.2421,0.2509,"Pessimistic"
"Africa","ZWE","Zimbabwe","Matabeleland South","8.19","8.58","9",0.2664,0.2796,0.2927,"Pessimistic"
"Africa","ZWE","Zimbabwe","Midlands","10.06","10.46","10.88",0.2203,0.2293,0.2383,"Pessimistic"
